personName,age,industries,gender
Jeff Bezos,59,Technology,M
Larry Ellison,78,Technology,M
Warren Buffett,92,Finance & Investments,M
Bill Gates,67,Technology,M
Michael Bloomberg,81,Media & Entertainment,M
Carlos Slim Helu & family,83,Telecom,M
Steve Ballmer,67,Technology,M
Larry Page,50,Technology,M
Amancio Ortega,87,Fashion & Retail,M
Zhong Shanshan,68,Food & Beverage,M
Mark Zuckerberg,38,Technology,M
Michael Dell,58,Technology,M
Gautam Adani,60,Diversified,M
Phil Knight & family,85,Fashion & Retail,M
Zhang Yiming,39,Technology,M
François Pinault & family,86,Fashion & Retail,M
Li Ka-shing,94,Diversified,M
Ma Huateng,51,Technology,M
Ken Griffin,54,Finance & Investments,M
Robin Zeng,54,Automotive,M
Tadashi Yanai & family,74,Fashion & Retail,M
Colin Zheng Huang,43,Technology,M
Reinhold Wuerth & family,87,Manufacturing,M
Lee Shau Kee,95,Real Estate,M
Jeff Yass,64,Finance & Investments,M
Jim Simons,84,Finance & Investments,M
Stephen Schwarzman,76,Finance & Investments,M
William Ding,51,Technology,M
Shiv Nadar,77,Technology,M
Low Tuck Kwong,74,Energy,M
Vladimir Potanin,62,Metals & Mining,M
Jack Ma,58,Technology,M
He Xiangjian & family,80,Manufacturing,M
James Ratcliffe,70,Manufacturing,M
Masayoshi Son,65,Telecom,M
Vladimir Lisin,66,Metals & Mining,M
Leonid Mikhelson & family,67,Energy,M
Wang Wei,52,Service,M
Takemitsu Takizaki,77,Manufacturing,M
Alexey Mordashov & family,57,Metals & Mining,M
"Thomas Frist, Jr. & family",84,Healthcare,M
Andrew Forrest,61,Metals & Mining,M
Ray Dalio,73,Finance & Investments,M
Eric Li,59,Automotive,M
Wang Wenyin,55,Metals & Mining,M
Qin Yinglin,57,Food & Beverage,M
Wang Chuanfu,57,Automotive,M
Harold Hamm & family,77,Energy,M
David Tepper,65,Finance & Investments,M
Daniel Gilbert,61,Finance & Investments,M
Steve Cohen,66,Finance & Investments,M
Carl Icahn,87,Finance & Investments,M
Donald Bren,90,Real Estate,M
"John Menard, Jr.",83,Fashion & Retail,M
Li Xiting,72,Healthcare,M
Eric Schmidt,67,Technology,M
Pang Kang,67,Food & Beverage,M
Dilip Shanghvi,67,Healthcare,M
Robert Pera,45,Technology,M
Radhakishan Damani,68,Fashion & Retail,M
Huang Shilin,56,Automotive,M
David Green & family,81,Fashion & Retail,M
Charoen Sirivadhanabhakdi,78,Food & Beverage,M
Xu Hang,60,Healthcare,M
Wei Jianjun & family,59,Automotive,M
Alisher Usmanov,69,Metals & Mining,M
Goh Cheng Liang,95,Manufacturing,M
Aliko Dangote,65,Manufacturing,M
Chen Bang,57,Healthcare,M
Diane Hendricks,76,Construction & Engineering,F
Jerry Jones,80,Sports,M
Joseph Lau,71,Real Estate,M
Lu Xiangyang,60,Automotive,M
Uday Kotak,64,Finance & Investments,M
Stanley Kroenke,75,Sports,M
Sarath Ratanavadi,57,Energy,M
Dang Yanbao,50,Metals & Mining,M
Jiang Rensheng & family,69,Healthcare,M
Stephen Ross,82,Real Estate,M
Andreas Struengmann & family,73,Healthcare,M
Thomas Struengmann & family,73,Healthcare,M
Liu Hanyuan,59,Food & Beverage,M
Michael Rubin,50,Fashion & Retail,M
Israel Englander,74,Finance & Investments,M
Giorgio Armani,88,Fashion & Retail,M
Zhang Zhidong,51,Technology,M
Judy Love & family,85,Fashion & Retail,F
Robert Kraft,81,Sports,M
Marcel Herrmann Telles,73,Food & Beverage,M
Suleiman Kerimov & family,57,Finance & Investments,M
Sky Xu,39,Fashion & Retail,M
Andrew Beal,70,Finance & Investments,M
Mike Cannon-Brookes,43,Technology,M
David Duffield,82,Technology,M
Jeffery Hildebrand,64,Energy,M
Viktor Rashnikov,74,Manufacturing,M
Scott Farquhar,43,Technology,M
Wu Yajun,59,Real Estate,F
Autry Stephens,85,Energy,M
Liu Yongxing,74,Service,M
Melker Schorling & family,75,Finance & Investments,M
Andrei Guriev & family,63,Manufacturing,M
Michael Kim,59,Finance & Investments,M
Lei Jun,53,Technology,M
Sun Piaoyang,64,Healthcare,M
Jin Baofang,70,Energy,M
Luo Liguo & family,67,Manufacturing,M
Jim Pattison,94,Diversified,M
Wang Xing,44,Technology,M
Brian Chesky,41,Technology,M
James Dyson,75,Manufacturing,M
Roman Abramovich & family,56,Diversified,M
Daniel Kretinsky,47,Energy,M
John Malone,82,Media & Entertainment,M
Charles Schwab,85,Finance & Investments,M
Eric Smidt,63,Fashion & Retail,M
Anthony von Mandl,73,Food & Beverage,M
Wang Liping & family,57,Manufacturing,M
Tatyana Bakalchuk,47,Fashion & Retail,F
John Doerr,71,Technology,M
Richard Liu,49,Technology,M
Dustin Moskovitz,38,Technology,M
Pei Zhenhua,64,Energy,M
Chen Jianhua,52,Manufacturing,M
Leon Black,71,Finance & Investments,M
Graeme Hart,67,Finance & Investments,M
Hasso Plattner & family,79,Technology,M
Manuel Villar,73,Real Estate,M
"Chase Coleman, III.",47,Finance & Investments,M
Li Zhenguo & family,55,Manufacturing,M
John Morris,75,Fashion & Retail,M
Francis Choi,75,Real Estate,M
George Roberts,79,Finance & Investments,M
Wang Jianlin,68,Real Estate,M
Tilman Fertitta,65,Food & Beverage,M
Nathan Blecharczyk,39,Technology,M
Leonid Fedun,66,Energy,M
Bernard Marcus,93,Fashion & Retail,M
Patrick Ryan,85,Finance & Investments,M
Robert F. Smith,60,Finance & Investments,M
Pavel Tykac,58,Metals & Mining,M
Orlando Bravo,52,Finance & Investments,M
Ding Shizhong,52,Fashion & Retail,M
Ramzi Musallam,54,Finance & Investments,M
David Shaw,72,Finance & Investments,M
Andrei Skoch & family,57,Metals & Mining,M
Georg Stumpf,50,Diversified,M
Li Shuirong & family,66,Manufacturing,M
Qi Shi & family,53,Technology,M
Yao Liangsong,58,Manufacturing,M
Zhang Congyuan,75,Fashion & Retail,M
David Geffen,80,Media & Entertainment,M
Robin Li,54,Technology,M
Liu Yonghao & family,71,Service,M
Henry Samueli,68,Technology,M
Ivar Tollefsen,61,Real Estate,M
Cao Renxian,54,Energy,M
Hasmukh Chudgar & family,89,Healthcare,M
Andrew Currie,67,Manufacturing,M
Joe Gebbia,41,Technology,M
John Reece,66,Manufacturing,M
Zhong Huijuan,62,Healthcare,F
Arthur Blank,80,Sports,M
Ding Shijia,59,Fashion & Retail,M
"Paul Tudor Jones, II.",68,Finance & Investments,M
Henry Kravis,79,Finance & Investments,M
James Goodnight,80,Technology,M
Ma Jianrong,59,Fashion & Retail,M
Steven Rales,72,Manufacturing,M
Harry Stine,81,Food & Beverage,M
Iskander Makhmudov,59,Metals & Mining,M
Wang Laichun,55,Technology,F
Arthur Dantchik,65,Finance & Investments,M
Terry Gou,72,Technology,M
Jeff Greene,68,Real Estate,M
Don Hankey,79,Finance & Investments,M
Richard Kinder,78,Energy,M
Zong Qinghou,77,Food & Beverage,M
Judy Faulkner,79,Technology,F
Johann Graf,76,Gambling & Casinos,M
Liang Wengen,66,Manufacturing,M
Zhang Hejun,71,Manufacturing,M
Marc Benioff,58,Technology,M
Jack Dangermond,77,Technology,M
Ralph Lauren,83,Fashion & Retail,M
J. Christopher Reyes,69,Food & Beverage,M
Jude Reyes,67,Food & Beverage,M
Don Vultaggio & family,71,Food & Beverage,M
Liu Jincheng & family,58,Technology,M
Silvio Berlusconi & family,86,Diversified,M
Denise Coates,55,Gambling & Casinos,F
Gordon Moore,94,Technology,M
John Overdeck,53,Finance & Investments,M
David Siegel,61,Finance & Investments,M
Wang Laisheng,58,Technology,M
Ken Fisher,72,Finance & Investments,M
Christopher Hohn,56,Finance & Investments,M
Li Ping,55,Automotive,M
Lin Jianhua,60,Manufacturing,M
Xavier Niel,55,Telecom,M
Terrence Pegula,72,Energy,M
John A. Sobrato & family,83,Real Estate,M
Xu Shihui,65,Food & Beverage,M
Bruce Kovner,78,Finance & Investments,M
"Henry Nicholas, III.",63,Technology,M
David Bonderman,80,Finance & Investments,M
David Reuben,84,Real Estate,M
Carl Bennet,71,Finance & Investments,M
Stephen Bisciotti,62,Sports,M
Stanley Druckenmiller,69,Finance & Investments,M
Jian Jun,59,Healthcare,F
Luis Carlos Sarmiento,90,Finance & Investments,M
Dennis Washington,88,Logistics,M
Gao Jifan & family,58,Energy,M
Wang Yusuo & family,59,Energy,M
Stef Wertheimer & family,96,Manufacturing,M
Gustaf Douglas,85,Diversified,M
Frits Goldschmeding,89,Service,M
Lin Muqin & family,59,Food & Beverage,M
Ruan Liping,59,Manufacturing,M
Ruan Xueping,51,Manufacturing,M
Michal Solowow,60,Finance & Investments,M
Mike Adenuga,69,Diversified,M
Tom Gores,58,Finance & Investments,M
Alexander Abramov,64,Metals & Mining,M
Rene Benko,46,Real Estate,M
Neil Bluhm,85,Real Estate,M
Alain Bouchard,74,Fashion & Retail,M
Gopikishan Damani,65,Fashion & Retail,M
Michael Milken,76,Finance & Investments,M
David Steward,71,Technology,M
Les Wexner & family,85,Fashion & Retail,M
Cai Kui,60,Real Estate,M
Antony Ressler,62,Finance & Investments,M
Josh Harris,58,Finance & Investments,M
Rinat Akhmetov,56,Metals & Mining,M
John Brown,88,Healthcare,M
Lai Meisong,52,Logistics,M
Ken Langone,87,Finance & Investments,M
Li Ge,56,Healthcare,M
Teddy Sagi,51,Gambling & Casinos,M
Seo Jung-jin,65,Healthcare,M
Wu Jianshu,59,Automotive,M
Pierre Chen,66,Technology,M
Archie Aldis Emmerson & family,93,Manufacturing,M
Jiang Weiping & family,68,Manufacturing,M
Wolfgang Marguerre & family,81,Healthcare,M
Mitchell Rales,66,Manufacturing,M
Paul Singer,78,Finance & Investments,M
Sergio Stevanato & family,80,Healthcare,M
Richard White,68,Technology,M
Zhao Yan,56,Diversified,F
Patrizio Bertelli,77,Fashion & Retail,M
Miao Hangen,58,Diversified,M
Michael Pieper,77,Manufacturing,M
Todd Boehly,49,Finance & Investments,M
Rick Caruso,64,Real Estate,M
Ibrahim Erdemoglu,60,Manufacturing,M
Lynda Resnick,80,Food & Beverage,F
Stewart Resnick,86,Food & Beverage,M
Mark Walter,62,Finance & Investments,M
Ronald Wanek,81,Manufacturing,M
Erich Wesjohann & family,77,Food & Beverage,M
Cheng Xue,53,Food & Beverage,F
Robert Faith,59,Real Estate,M
Gao Dekang & family,71,Fashion & Retail,M
Ananda Krishnan,85,Telecom,M
Barry Lam,73,Technology,M
Ty Warner,78,Real Estate,M
Sam Zell,81,Real Estate,M
Fang Wei,49,Manufacturing,M
Kwon Hyuk-bin,49,Media & Entertainment,M
Kjell Inge Rokke,64,Logistics,M
Tony Tamer,65,Finance & Investments,M
Ron Baron,79,Finance & Investments,M
"Robert Hale, Jr.",56,Telecom,M
Viktor Kharitonin,50,Healthcare,M
Kim Beom-su,57,Technology,M
George Lucas,78,Media & Entertainment,M
Chip Wilson,66,Fashion & Retail,M
Jim Davis & family,79,Manufacturing,M
Murali Divi & family,72,Healthcare,M
Marcos Galperin,52,Technology,M
Tom Golisano,81,Service,M
Jonathan Gray,53,Finance & Investments,M
Bidzina Ivanishvili,67,Finance & Investments,M
Lim Hariyanto Wijaya Sarwono,94,Metals & Mining,M
Rudolf Maag,77,Healthcare,M
Dan Snyder,58,Sports,M
Chairul Tanjung,60,Diversified,M
Kelcy Warren,67,Energy,M
Zhang Tao,50,Fashion & Retail,M
Michael Ashley,58,Fashion & Retail,M
Tomasz Biernacki,50,Fashion & Retail,M
Bernard Broermann,79,Healthcare,M
Yu Yong,62,Finance & Investments,M
Jason Chang,78,Technology,M
Ali Erdemoglu,63,Manufacturing,M
Andre Esteves,54,Finance & Investments,M
Li Gaiteng,50,Manufacturing,M
Thomas Secunda,68,Media & Entertainment,M
Zuowen Song,76,Diversified,M
Tim Sweeney,52,Media & Entertainment,M
Bert Beveridge,61,Food & Beverage,M
Mark Cuban,64,Media & Entertainment,M
Charles Dolan & family,96,Media & Entertainment,M
Jack Dorsey,46,Technology,M
Fan Hongwei,56,Energy,F
Vladimir Kim,62,Metals & Mining,M
Li Chunan,54,Manufacturing,M
Forrest Li,45,Media & Entertainment,M
Issad Rebrab & family,79,Food & Beverage,M
Fred Smith,78,Logistics,M
Barry Sternlicht,62,Finance & Investments,M
Russ Weiner,52,Food & Beverage,M
Xue Min,66,Healthcare,M
Dietmar Hopp & family,82,Technology,M
Jiang Bin,56,Technology,M
Joseph Liemandt,54,Technology,M
N.R. Narayana Murthy,76,Technology,M
Marc Rowan,60,Finance & Investments,M
Hussain Sajwani,70,Real Estate,M
Xu Jinfu,59,Manufacturing,M
You Xiaoping & family,65,Manufacturing,M
Neal Blue & family,88,Manufacturing,M
Jim Davis,63,Service,M
Peter Grogg,81,Healthcare,M
Mangal Prabhat Lodha,67,Real Estate,M
Joe Mansueto,66,Finance & Investments,M
Qian Dongqi & family,65,Manufacturing,M
Mikhail Shelkov,54,Metals & Mining,M
Jose E. Feliciano,49,Finance & Investments,M
Hu Kaijun,61,Healthcare,M
Johnelle Hunt,91,Logistics,F
Marian Ilitch,90,Food & Beverage,F
Daryl Katz,61,Diversified,M
Andrei Kozitsyn,62,Metals & Mining,M
Timur Kulibaev,56,Finance & Investments,M
Jay Paul,75,Real Estate,M
Pham Nhat Vuong,54,Diversified,M
Frank Wang,42,Technology,M
Wang Junshi & family,74,Manufacturing,M
Wang Wenjing,58,Technology,M
Herbert Wertheim,83,Finance & Investments,M
Chan Laiwa & family,82,Real Estate,F
Chen Hua,57,Real Estate,M
Dewi Kam,72,Energy,F
Marc Ladreit de Lacharriere,82,Finance & Investments,M
Eric Lefkofsky,53,Technology,M
Lin Bin,55,Technology,M
Lin Li,59,Finance & Investments,M
Djoko Susanto,73,Fashion & Retail,M
Andrej Babis,68,Food & Beverage,M
Nick Caporella,87,Food & Beverage,M
Scott Cook,70,Technology,M
Hong Jie,55,Manufacturing,M
Igor Kesaev,56,Fashion & Retail,M
Arturo Moreno,76,Sports,M
Peter Spuhler,63,Manufacturing,M
Donald Sterling,88,Real Estate,M
Kerry Stokes,82,Diversified,M
Liangzhi Xie & family,57,Healthcare,M
Ben Chestnut,48,Technology,M
Guangchang Guo,56,Diversified,M
John Henry,73,Sports,M
Travis Kalanick,46,Technology,M
Koon Poh Keong,61,Manufacturing,M
Dan Kurzius,51,Technology,M
Gail Miller,79,Automotive,F
Steven Spielberg,76,Media & Entertainment,M
Jerzy Starak,75,Healthcare,M
Rufino Vigil Gonzalez,74,Metals & Mining,M
Zhang Daocai,73,Diversified,M
Vanich Chaiyawan,91,Finance & Investments,M
Chen Dongsheng,65,Finance & Investments,M
Guenther Fielmann & family,83,Healthcare,M
Jorge Moll Filho & family,78,Healthcare,M
Gabe Newell,60,Gambling & Casinos,M
Ruan Hongliang & family,62,Manufacturing,M
Mark Stevens,63,Finance & Investments,M
Wu Yiling,73,Healthcare,M
Yu Renrong,57,Manufacturing,M
Zhu Baoguo & family,60,Healthcare,M
Francesco Gaetano Caltagirone,80,Construction & Engineering,M
Barry Diller,81,Media & Entertainment,M
Wesley Edens,61,Finance & Investments,M
Stephen Feinberg,63,Finance & Investments,M
Joseph Grendys,61,Food & Beverage,M
Li Xiang,41,Automotive,M
Trevor Rees-Jones,71,Energy,M
Yasumitsu Shigeta,58,Telecom,M
Su Qingcan,54,Healthcare,M
Elizabeth Uihlein,77,Manufacturing,F
Richard Uihlein,77,Manufacturing,M
Hayes Barnard,51,Finance & Investments,M
William Berkley,76,Finance & Investments,M
Huang Li,59,Technology,M
Brad Jacobs,66,Logistics,M
Ji Qi,56,Real Estate,M
Jason Jiang,50,Media & Entertainment,M
Jim Kavanaugh,60,Technology,M
Mikhail Lomtadze,47,Finance & Investments,M
Tom Morris,68,Fashion & Retail,M
Shigenobu Nagamori,78,Manufacturing,M
Daniel Och,62,Finance & Investments,M
John Sall,75,Technology,M
Howard Schultz,69,Food & Beverage,M
Richard Schulze,82,Fashion & Retail,M
Yitzhak Tshuva,74,Real Estate,M
Wang Yanqing & family,56,Manufacturing,M
Jim Coulter,63,Finance & Investments,M
Bob Gaglardi,82,Real Estate,M
Huang Yi,61,Automotive,M
Vyacheslav Kim,53,Finance & Investments,M
Josh Kushner,37,Finance & Investments,M
Edwin Leong,71,Real Estate,M
"Stephen Mandel, Jr.",67,Finance & Investments,M
Masahiro Miki,67,Fashion & Retail,M
Masahiro Noda,84,Technology,M
Cliff Obrecht,37,Technology,M
Melanie Perkins,35,Technology,F
Jerry Speyer & family,82,Real Estate,M
Wang Junlin,60,Food & Beverage,M
Xia Zuoquan,61,Automotive,M
Zeng Fangqin,57,Technology,F
Zhang Jian,54,Manufacturing,M
Fashu Chen,62,Finance & Investments,M
Giuseppe Crippa & family,87,Manufacturing,M
Daniel D'Aniello,76,Finance & Investments,M
Walter P.J. Droege,70,Finance & Investments,M
Fan Daidi,57,Fashion & Retail,F
Peter Gassner,58,Technology,M
Mikhail Gutseriev,65,Energy,M
Leng Youbin,54,Food & Beverage,M
Daniel Loeb,61,Finance & Investments,M
Prasert Prasarttong-Osoth,90,Healthcare,M
Ira Rennert,88,Finance & Investments,M
Dirk Rossmann & family,76,Fashion & Retail,M
Arkady Rotenberg,71,Construction & Engineering,M
Remo Ruffini,61,Fashion & Retail,M
Vivek Chaand Sehgal,66,Automotive,M
Scott Shleifer,45,Finance & Investments,M
Thomas Siebel,70,Technology,M
Xiao Yongming & family,58,Diversified,M
Yang Shaopeng,65,Logistics,M
William Ackman,56,Finance & Investments,M
Somphote Ahunai,55,Energy,M
Igor Altushkin,52,Metals & Mining,M
Ramon Ang,69,Food & Beverage,M
Acharya Balkrishna,50,Food & Beverage,M
"Amos Hostetter, Jr.",86,Media & Entertainment,M
Steven Klinsky,66,Finance & Investments,M
Hiroshi Mikitani,58,Fashion & Retail,M
Bob Parsons,72,Technology,M
J. Joe Ricketts & family,81,Finance & Investments,M
Herb Simon,88,Real Estate,M
Wu Guanjiang & family,54,Healthcare,M
Yi Zheng,52,Technology,M
Charles Zegar,75,Media & Entertainment,M
Mohed Altrad,75,Construction & Engineering,M
John Arnold,49,Finance & Investments,M
Bill Austin,81,Manufacturing,M
Chen Shibin,56,Manufacturing,M
Walter Faria,68,Food & Beverage,M
Fu Liquan & family,55,Technology,M
Peter Gilgan,72,Construction & Engineering,M
Arnon Milchan,78,Media & Entertainment,M
Akio Nitori,79,Fashion & Retail,M
Julio Ponce Lerou,77,Metals & Mining,M
Rodger Riney & family,77,Finance & Investments,M
Phil Ruffin,88,Diversified,M
Neil Shen,55,Finance & Investments,M
Gil Shwed,54,Technology,M
Stephen Smith,71,Finance & Investments,M
Jeffrey Talpins,48,Finance & Investments,M
Carl Thoma,74,Finance & Investments,M
Xue Hua,53,Manufacturing,M
Giuliana Benetton,85,Fashion & Retail,F
Luciano Benetton,87,Fashion & Retail,M
Chen Kaixuan,64,Manufacturing,M
Brunello Cucinelli & family,69,Fashion & Retail,M
Antonio Del Valle Ruiz & family,84,Manufacturing,M
Gustavo Denegri & family,86,Healthcare,M
Dong Jinggui,53,Automotive,M
Charles Ergen,70,Media & Entertainment,M
David Filo,56,Technology,M
Lindsay Fox,85,Logistics,M
Sergei Galitsky,55,Fashion & Retail,M
Senapathy Gopalakrishnan,67,Technology,M
Luciano Hang,60,Fashion & Retail,M
Hu Baifan,60,Healthcare,M
Hamilton James & family,71,Finance & Investments,M
Li Liangbin,55,Manufacturing,M
Liang Feng,54,Manufacturing,M
Roger Penske,86,Automotive,M
David Rubenstein,73,Finance & Investments,M
Klaus-Peter Schulenberg,71,Service,M
Shen Guojun,60,Fashion & Retail,M
Roman Trotsenko,52,Logistics,M
Vincent Viola,67,Finance & Investments,M
Wu Shaoxun,67,Food & Beverage,M
Steve Wynn,81,Gambling & Casinos,M
Jon Yarbrough,65,Gambling & Casinos,M
Zhou Bajin,87,Manufacturing,M
Deng Wen,55,Food & Beverage,M
Gurbachan Singh Dhingra,72,Manufacturing,M
Kuldip Singh Dhingra,75,Manufacturing,M
Martin Ebner,77,Finance & Investments,M
Charles Edelstenne,85,Manufacturing,M
Sergei Gordeev,50,Real Estate,M
Jeff T. Green,46,Media & Entertainment,M
Reed Hastings,62,Technology,M
Miguel Krigsner,73,Fashion & Retail,M
Sheldon Lavin,90,Food & Beverage,M
Vladimir Litvinenko & family,67,Manufacturing,M
Ravi Modi,46,Fashion & Retail,M
Jonathan Nelson,66,Finance & Investments,M
Or Wai Sheun,71,Real Estate,M
Renzo Rosso & family,67,Fashion & Retail,M
Rita Tong Liu,74,Real Estate,F
Timur Turlov,35,Finance & Investments,M
Frank VanderSloot,74,Fashion & Retail,M
Yoo Jung-hyun,53,Media & Entertainment,F
George Bishop,85,Energy,M
Norman Braman,90,Automotive,M
Cai Dongchen,70,Healthcare,M
Todd Christopher,60,Fashion & Retail,M
"William Conway, Jr.",73,Finance & Investments,M
Jean Coutu & family,95,Fashion & Retail,M
Stephen Deckoff,57,Finance & Investments,M
Feng Hailiang,62,Metals & Mining,M
"Ernest Garcia, II.",65,Automotive,M
Sam Goi,76,Food & Beverage,M
Hui Ka Yan,64,Real Estate,M
Friedrich Knapp,71,Fashion & Retail,M
Lin Ming-hsiung,73,Fashion & Retail,M
Lin Xiucheng & family,67,Technology,M
Gilles Martin,59,Healthcare,M
John Paulson,67,Finance & Investments,M
Guanghe Qiu & family,71,Fashion & Retail,M
Erik Selin,55,Real Estate,M
Yonghong Shi & family,54,Food & Beverage,M
Guangxin Sun,60,Diversified,M
Gang Ye,42,Media & Entertainment,M
Ye Xiaoping,60,Healthcare,M
Zhu Gongshan & family,65,Manufacturing,M
Isak Andic & family,69,Fashion & Retail,M
Cao Longxiang & family,65,Healthcare,M
"Roy Carroll, II.",60,Real Estate,M
John Caudwell,70,Telecom,M
James Clark,79,Technology,M
Jacques D'Amours,66,Fashion & Retail,M
John Paul DeJoria,78,Fashion & Retail,M
Bernard Ecclestone & family,92,Sports,M
Gu Yuhua & family,73,Manufacturing,M
Donald Horton & family,73,Real Estate,M
Zarakh Iliev,56,Real Estate,M
Li Jianquan & family,66,Healthcare,M
Li Li,57,Healthcare,M
Li Xiaohua & family,61,Manufacturing,M
Liu Xiaodong,55,Manufacturing,M
Martin Lorentzon,54,Technology,M
Erwin Franz Mueller,90,Fashion & Retail,M
Georg Nemetschek & family,89,Technology,M
God Nisanov,50,Real Estate,M
Gregorio Perez Companc & family,87,Energy,M
Sebastian Piñera & family,73,Finance & Investments,M
Alexey Repik,43,Healthcare,M
Daniel Sundheim,46,Finance & Investments,M
Zhang Wenzhong,61,Fashion & Retail,M
Zhou Jianping,62,Fashion & Retail,M
Kang An,74,Healthcare,M
Choo Chong Ngen,69,Real Estate,M
Du Jiangtao & family,53,Manufacturing,M
Li Weiguo,58,Manufacturing,M
Dmitry Mazepin,54,Manufacturing,M
Najib Mikati,67,Telecom,M
Taha Mikati,78,Telecom,M
Nandan Nilekani,67,Technology,M
Sean Parker,43,Technology,M
Su Hua,41,Media & Entertainment,M
Sun Shoukuan,73,Manufacturing,M
Meg Whitman,66,Technology,F
Wong Luen Hei,61,Manufacturing,M
Zhu Xingming,56,Manufacturing,M
Suhail Bahwan,84,Diversified,M
Andrei Bokarev,56,Manufacturing,M
Glenn Dubin,65,Finance & Investments,M
Alexander Frolov,58,Metals & Mining,M
Nithin Kamath,43,Finance & Investments,M
Samvel Karapetyan,57,Construction & Engineering,M
Kei Hoi Pang,57,Real Estate,M
Yuri Kovalchuk & family,71,Finance & Investments,M
Hans Langer,71,Manufacturing,M
Maritsa Lazari & family,78,Real Estate,F
Li Zhongchu,59,Technology,M
Liang Yunchao,54,Food & Beverage,M
Vincent McMahon,77,Sports,M
Patrice Motsepe,61,Metals & Mining,M
Denis O'Brien,64,Telecom,M
Karsanbhai Patel,79,Diversified,M
Richard Peery,84,Real Estate,M
Wayne Rothbaum,55,Healthcare,M
Jeff Rothschild,68,Technology,M
Alexander Skorobogatko,55,Logistics,M
Evan Spiegel,32,Technology,M
Glen Taylor,81,Service,M
Thomas Tull,52,Media & Entertainment,M
Bulat Utemuratov,65,Metals & Mining,M
Wong Man Li,58,Manufacturing,M
Guangming Wu,61,Healthcare,M
Zhu Yi,59,Healthcare,M
Felix Baker,54,Finance & Investments,M
Julian Baker,56,Finance & Investments,M
David Baszucki,60,Media & Entertainment,M
Cen Junda,58,Healthcare,M
Chen Zhiping,47,Manufacturing,M
Fernando Chico Pardo,71,Service,M
Ray Davis,81,Energy,M
Deng Weiming & family,54,Manufacturing,M
Stewart Horejsi & family,85,Finance & Investments,M
Hou Juncheng,58,Healthcare,M
Zhenda Huang & family,75,Construction & Engineering,M
Dmitry Kamenshchik,54,Service,M
Henry Laufer,77,Finance & Investments,M
Louis Le Duff,76,Food & Beverage,M
Li Guoqiang,59,Automotive,M
Li Yongxin,47,Service,M
Peter Lim,69,Finance & Investments,M
Sergio Mantegazza,95,Service,M
Hans Melchers,84,Finance & Investments,M
C. Dean Metropoulos,76,Food & Beverage,M
Falguni Nayar,60,Fashion & Retail,F
Alexander Ponomarenko,58,Logistics,M
Steven Sarowitz,57,Technology,M
Leonard Schleifer,70,Healthcare,M
Michael S. Smith,67,Energy,M
Zhao Lixin,57,Technology,M
Hongyi Zhou,52,Technology,M
S. Daniel Abraham,98,Food & Beverage,M
Herb Chambers,81,Automotive,M
Cheng Yixiao,39,Media & Entertainment,M
Leon G. Cooperman,79,Finance & Investments,M
Oleg Deripaska,55,Metals & Mining,M
Joseph Edelman,67,Finance & Investments,M
Sandeep Engineer,61,Manufacturing,M
Alceu Elias Feldmann & family,73,Energy,M
Serge Godin,73,Technology,M
Alec Gores,70,Finance & Investments,M
J. Tomilson Hill,74,Finance & Investments,M
Jay-Z,53,Media & Entertainment,M
Brad Kelley,66,Real Estate,M
Wolfgang Leitner,70,Construction & Engineering,M
Li Hongxin & family,70,Manufacturing,M
Lu Yiwen,36,Fashion & Retail,F
Willy Michel,76,Healthcare,M
Bobby Murphy,34,Technology,M
Tomas Olivo Lopez,49,Real Estate,M
Qiu Minxiu,77,Technology,F
Wenrong Shen,77,Metals & Mining,M
Yuzhu Shi,60,Diversified,M
Jeff Sutton,63,Real Estate,M
Byron Trott,64,Finance & Investments,M
Oprah Winfrey,69,Media & Entertainment,F
Wu Zhigang & family,88,Food & Beverage,M
Ye Guofu,45,Fashion & Retail,M
Brian Acton,51,Technology,M
Koos Bekker,70,Media & Entertainment,M
Marcel Erni,58,Finance & Investments,M
Doris Fisher,91,Fashion & Retail,F
Gerald Ford,78,Finance & Investments,M
Bernard Fraisse & family,66,Healthcare,M
Alfred Gantner,55,Finance & Investments,M
Paul Gauselmann & family,88,Gambling & Casinos,M
Mitchell Goldhar,61,Real Estate,M
Peter Hargreaves,76,Finance & Investments,M
Xuande Hua & family,79,Healthcare,M
Kalanithi Maran,57,Media & Entertainment,M
Jed McCaleb,48,Finance & Investments,M
Pan Laican,64,Food & Beverage,M
Jinxing Qi,61,Real Estate,M
Qiu Jianping & family,61,Manufacturing,M
Matthias Reinhart,63,Finance & Investments,M
Arnout Schuijff,55,Technology,M
Lucio Tan,88,Diversified,M
Tsai Ming-kai,72,Technology,M
David Walentas,84,Real Estate,M
Urs Wietlisbach,61,Finance & Investments,M
Yang Jianliang & family,53,Manufacturing,M
Yang Weidong & family,54,Manufacturing,M
John Armitage,63,Finance & Investments,M
John Bicket,43,Technology,M
Sanjit Biswas,41,Technology,M
Timothy Boyle,73,Fashion & Retail,M
Morris Chang,91,Technology,M
Chao Teng-hsiung,78,Real Estate,M
Chu Lam Yiu,53,Manufacturing,F
K. Dinesh,68,Technology,M
James Duff,62,Diversified,M
Thomas Duff,66,Diversified,M
Daniel Ek,40,Technology,M
Erman Ilicak,55,Construction & Engineering,M
Long Jiang,49,Technology,M
Bruce Karsh,67,Finance & Investments,M
Bom Kim,44,Technology,M
Jianping Lai,64,Food & Beverage,M
Li Haiyan,64,Food & Beverage,F
Hua Li,45,Finance & Investments,M
Clayton Mathile,82,Food & Beverage,M
Mi Enhua,65,Fashion & Retail,M
Vadim Moshkovich,55,Food & Beverage,M
David Murdock,99,Food & Beverage,M
Lirio Parisotto,69,Finance & Investments,M
Tang Yiu,89,Fashion & Retail,M
Tian Ming,69,Technology,M
Lang Walker,77,Real Estate,M
Xicheng Wang & family,74,Manufacturing,M
Wang Zhenhua,61,Real Estate,M
Paul-Heinz Wesjohann & family,79,Food & Beverage,M
Xie Bingkun & family,56,Fashion & Retail,M
Xu Shugen,57,Manufacturing,M
Zhang Jingzhang & family,87,Manufacturing,M
George Argyros & family,86,Real Estate,M
Brian Armstrong,40,Finance & Investments,M
Albert Avdolyan,52,Energy,M
Sezai Bacaksiz,73,Diversified,M
Aneel Bhusri,57,Technology,M
Chen Xueli,71,Healthcare,M
Dermot Desmond,72,Finance & Investments,M
Dong Wei,52,Healthcare,M
Tom Ford,61,Fashion & Retail,M
Fu Guangming & family,69,Food & Beverage,M
Jeffrey Gundlach,64,Finance & Investments,M
Hao Hong,67,Healthcare,M
Hans-Werner Hector,83,Technology,M
Lutz Mario Helmig & family,76,Healthcare,M
Chulong Huang,64,Real Estate,M
James Jannard,73,Fashion & Retail,M
Willis Johnson,75,Automotive,M
Lai Shixian,48,Fashion & Retail,M
Chris Larsen,62,Finance & Investments,M
Solomon Lew,78,Fashion & Retail,M
Howard Marks,76,Finance & Investments,M
Charles Munger,99,Finance & Investments,M
Thi Phuong Thao Nguyen,52,Diversified,F
Ni Yongpei & family,71,Food & Beverage,M
Qi Xiangdong,52,Technology,M
Phillip T. (Terry) Ragon,73,Technology,M
Prathap Reddy,91,Healthcare,M
Jerry Reinsdorf,87,Sports,M
Chad Richison,52,Technology,M
"Karl Scheufele, III. & family",84,Fashion & Retail,M
Alice Schwartz,96,Healthcare,F
William Stone,67,Technology,M
Henry Swieca,65,Finance & Investments,M
Katsumi Tada,77,Real Estate,M
Tang Jinkui & family,67,Manufacturing,M
Tang Xiao'ou,55,Technology,M
Wang Wenmo,66,Fashion & Retail,M
Wang Zhenghua,78,Service,M
Kai Wu,55,Energy,M
Xu Yingzhuo,55,Food & Beverage,M
Yeung Kin-man,59,Manufacturing,M
Huijiao Yu,57,Logistics,M
Zhao Fenggang,57,Energy,M
Alex Beard,55,Metals & Mining,M
Travis Boersma,52,Food & Beverage,M
William Boyd & family,91,Gambling & Casinos,M
Cao Ji,71,Manufacturing,M
Bruce Cheng,86,Technology,M
Beda Diethelm,82,Healthcare,M
Domenico Dolce,64,Fashion & Retail,M
Ralph Dommermuth,59,Technology,M
Bob Ell,78,Real Estate,M
Paul Foster,65,Energy,M
Stefano Gabbana,60,Fashion & Retail,M
Xingjiang Gao,59,Manufacturing,M
Stein Erik Hagen,66,Fashion & Retail,M
Huang Min,49,Manufacturing,M
Jared Isaacman,40,Technology,M
Eugene Kaspersky,57,Technology,M
Andrei Krivenko,47,Food & Beverage,M
Lam Wai-ying,64,Manufacturing,F
Christian Latouche & family,82,Finance & Investments,M
Theodore Leonsis,67,Sports,M
Liu Chengyu & family,60,Manufacturing,M
Melissa Ma,64,Technology,F
Kiran Mazumdar-Shaw,70,Healthcare,F
Mu Rongjun,43,Technology,M
Eugene Murtagh,80,Manufacturing,M
Alexander Nesis,60,Finance & Investments,M
Zugen Ni,66,Manufacturing,M
Florentino Perez,76,Construction & Engineering,M
Victor Pinchuk,62,Metals & Mining,M
Raveendran Byju,41,Technology,M
P.P. Reddy,65,Construction & Engineering,M
Richard Saghian,41,Fashion & Retail,M
Shi Yifeng,49,Healthcare,M
Timothy Springer,75,Healthcare,M
Edward Stack,68,Fashion & Retail,M
Sun Mengquan & family,73,Food & Beverage,M
Alexander Svetakov,55,Finance & Investments,M
Torsten Toeller,56,Fashion & Retail,M
Wang Linpeng,54,Construction & Engineering,M
Wei Yin-Chun,66,Food & Beverage,M
Wei Ying-Chiao,68,Food & Beverage,M
Elaine Wynn,80,Gambling & Casinos,F
Xu Xudong & family,53,Automotive,M
Michael Ying,73,Fashion & Retail,M
Yu Qibing & family,57,Manufacturing,M
Yuan Fugen & family,72,Manufacturing,M
Zhang Ning & family,49,Manufacturing,F
Pavel Baudis,62,Technology,M
Wilhelm Beier & family,66,Healthcare,M
Cao Jianwei,44,Manufacturing,M
Huwen Chen,52,Manufacturing,M
Dou Zhenggang,69,Diversified,M
William Franke,85,Diversified,M
Hu Yangzhong,58,Technology,M
Huang Qiaoling,64,Media & Entertainment,M
Michael Jordan,60,Sports,M
Shlomo Kramer,57,Technology,M
Heikki Kyostila,77,Healthcare,M
Martin Lau,50,Technology,M
Li Min,57,Technology,M
Liang Rubo,40,Technology,M
Lin Fanlian,61,Energy,M
Bill Malhotra,73,Real Estate,M
Cunhui Nan,59,Manufacturing,M
Tengyun Nie & family,47,Service,M
Clive Palmer,69,Metals & Mining,M
Matthew Prince,48,Technology,M
P.V. Krishna Reddy,53,Construction & Engineering,M
T. Denny Sanford,87,Finance & Investments,M
Bhadresh Shah,71,Manufacturing,M
Zygmunt Solorz-Zak,66,Media & Entertainment,M
Otto Toto Sugiri,69,Technology,M
Larry Tanenbaum,77,Sports,M
Wichai Thongtang,76,Finance & Investments,M
Ion Tiriac,83,Finance & Investments,M
William Young,82,Manufacturing,M
Zhang Fan,57,Technology,M
Shilong Zhang & family,57,Technology,M
Zhang Wanzhen,73,Manufacturing,M
Hongfei Zhao,48,Technology,M
Zhou Jian,46,Energy,M
Zhu Yiwen & family,59,Healthcare,M
Mika Anttonen,56,Energy,M
David Blitzer,53,Sports,M
Julio Bozano,87,Finance & Investments,M
Nikolai Buinov,55,Energy,M
Jianxing Che,56,Fashion & Retail,M
Huxiong Chen,52,Manufacturing,M
Chen Qiongxiang,64,Energy,F
Chen Zhisong,57,Technology,M
James Dinan,63,Finance & Investments,M
Dong Fan,53,Healthcare,M
Eduardo Eurnekian,90,Diversified,M
Guo Zhenyu & family,59,Fashion & Retail,M
Roberto Hernandez Ramirez,81,Finance & Investments,M
Reid Hoffman,55,Technology,M
Hu Rongda & family,64,Manufacturing,M
Hui Wing Mau,72,Real Estate,M
Scott Kapnick,64,Finance & Investments,M
Richard Kayne,77,Finance & Investments,M
Edward Lampert,60,Finance & Investments,M
David Lichtenstein,61,Real Estate,M
Lin Dingqiang & family,56,Real Estate,M
Simon Nixon,55,Technology,M
Kentaro Ogawa,74,Food & Beverage,M
G. Rajendran,80,Fashion & Retail,M
Ren Jianhua,66,Manufacturing,M
Larry Robbins,53,Finance & Investments,M
Dwight Schar,81,Construction & Engineering,M
Shao Jianxiong,64,Energy,M
Qinxiang Shao,68,Manufacturing,M
Hua Shen,60,Technology,M
Shi Wen-long,95,Manufacturing,M
Peter Sondakh,73,Finance & Investments,M
Masateru Uno & family,76,Fashion & Retail,M
Vardis Vardinoyannis & family,90,Energy,M
Wang Chaobin,67,Real Estate,M
Wang Ren-sheng,91,Fashion & Retail,M
Chuanhua Xu & family,88,Manufacturing,M
Zhang Hongwei,68,Diversified,M
Cameron Adams,43,Technology,M
Faisal Bin Qassim Al Thani,75,Diversified,M
Leslie Alexander,79,Sports,M
Masaaki Arai,57,Real Estate,M
Sanjeev Bikhchandani,59,Technology,M
O. Francis Biondi,58,Finance & Investments,M
R.G. Chandramogan,74,Food & Beverage,M
Parker Conrad,42,Technology,M
Tim Cook,62,Technology,M
Mark Coombs,62,Finance & Investments,M
John de Mol,68,Media & Entertainment,M
Diao Zhizhong,59,Technology,M
Robert Duggan,78,Healthcare,M
Phillip Frost,86,Healthcare,M
Brian Higgins,58,Finance & Investments,M
Wei Huang,63,Real Estate,M
Yintai Jiang & family,72,Automotive,M
Lei Jin,57,Healthcare,M
Jin Lei & family,68,Healthcare,M
George Kurtz,52,Technology,M
Joe Lacob,67,Sports,M
Luo Yangyong & family,47,Metals & Mining,M
Gary Michelson,74,Healthcare,M
David Mindus,51,Real Estate,M
Adriaan Mol,39,Technology,M
Mofatraj Munot,78,Real Estate,M
Satyanarayan Nuwal,70,Manufacturing,M
Nihat Ozdemir,72,Diversified,M
Benjamin Zhengmin Pan & family,53,Technology,M
Ronald Perelman,80,Finance & Investments,M
Vinod Saraf,70,Manufacturing,M
Anatoly Sedykh,58,Metals & Mining,M
Genhuo Shao,57,Food & Beverage,M
Shen Xiqiang & family,75,Energy,M
S.D. Shibulal,68,Technology,M
Bambang Sutantio,64,Food & Beverage,M
Tran Dinh Long,62,Manufacturing,M
Alan Trefler,67,Technology,M
Riaz Valani,46,Finance & Investments,M
Pieter van der Does,53,Technology,M
Nikil Viswanathan,35,Technology,M
Todd Wagner,62,Media & Entertainment,M
Evan Williams,51,Technology,M
Wu Yingming,56,Energy,M
Yan Zhi,50,Real Estate,M
Yoshiaki Yoshida,82,Fashion & Retail,M
Zhang Li,70,Real Estate,M
Marc Andreessen,51,Finance & Investments,M
Giovanni Arvedi,85,Metals & Mining,M
Bang Si-hyuk,50,Media & Entertainment,M
David Booth,77,Finance & Investments,M
Jim Breyer,61,Technology,M
Chen Kaichen,64,Manufacturing,M
Carl DeSantis,83,Food & Beverage,M
Marek Dospiva,53,Finance & Investments,M
Keith Dunleavy & family,53,Healthcare,M
Yasuhiro Fukushima,75,Media & Entertainment,M
Mario Gabelli,81,Finance & Investments,M
John Goff,67,Real Estate,M
Alexandre Grendene Bartelle,73,Fashion & Retail,M
Gerry Harvey,83,Fashion & Retail,M
He Zhaoxi,49,Technology,M
Jay Hennick,66,Finance & Investments,M
Hal Jackman,90,Finance & Investments,M
Keeree Kanjanapas,72,Real Estate,M
Kim Chang-soo,62,Fashion & Retail,M
Mustafa Kucuk,59,Fashion & Retail,M
Lai Jianfa,53,Logistics,M
Lei Jufang,70,Healthcare,F
James Leininger,78,Healthcare,M
Xuhui Li,54,Food & Beverage,F
Jimmy John Liautaud,59,Food & Beverage,M
Lin Lairong & family,54,Metals & Mining,M
Lu Di,64,Technology,M
Palmer Luckey,30,Technology,M
Duncan MacMillan,85,Finance & Investments,M
Yusaku Maezawa,47,Technology,M
Ilson Mateus & family,60,Fashion & Retail,M
Meng Qingshan & family,74,Manufacturing,M
Alberto Palatchi,73,Fashion & Retail,M
Dragos Paval,56,Fashion & Retail,M
Jorge Perez,73,Real Estate,M
Dmitry Pumpyansky,59,Metals & Mining,M
Jinsheng Ren & family,60,Healthcare,M
Ruan Shuilong & family,87,Manufacturing,M
Paul Saville,67,Real Estate,M
Keiichi Shibahara,58,Healthcare,M
Rajju Shroff,89,Manufacturing,M
Sun Huaiqing & family,53,Fashion & Retail,M
Alain Taravella,75,Real Estate,M
Kenneth Tuchman,63,Service,M
Wang Chou-hsiong,82,Manufacturing,M
Wang Minwen,59,Technology,M
Tom Werner,72,Sports,M
Stephen Winn,76,Real Estate,M
Wu Lanlan & family,49,Manufacturing,F
Xu Bingzhong,49,Food & Beverage,M
Yang Xuegang,58,Manufacturing,M
Vladimir Yevtushenkov,74,Telecom,M
Zhang Xiaojuan,53,Logistics,F
Zheng Xiaodong,59,Manufacturing,M
Zhong Ruonong & family,60,Manufacturing,F
Syed Mokhtar AlBukhary,71,Construction & Engineering,M
Clifford Asness,56,Finance & Investments,M
Louis Bacon,66,Finance & Investments,M
Bai Baokun,53,Manufacturing,M
Josef Boquoi & family,89,Food & Beverage,M
Cai Huabo,47,Technology,M
Chen Tianshi,38,Technology,M
Chen Yung-tai,87,Real Estate,M
Ivan Chrenko,55,Real Estate,M
Robert Clark,64,Construction & Engineering,M
Tench Coxe,65,Finance & Investments,M
Jim Crane,69,Sports,M
Norbert Dentressangle,68,Logistics,M
Jamie Dimon,67,Finance & Investments,M
Gary Fegel,49,Metals & Mining,M
"William Foley, II.",78,Finance & Investments,M
Richard Fortin,74,Fashion & Retail,M
Gao Yi & family,54,Healthcare,M
Bill Gross,78,Finance & Investments,M
Irving Grousbeck & family,88,Sports,M
David Hoffmann,70,Diversified,M
Tianjiang Jia & family,60,Metals & Mining,M
Zhaobai Jiang,59,Real Estate,M
Sergei Katsiev,65,Fashion & Retail,M
Randal J. Kirk,69,Healthcare,M
Eiichi Kuriwada,76,Logistics,M
Robert Langer,74,Healthcare,M
Anthony Langley,68,Diversified,M
Li Wa,57,Real Estate,M
Li Weiwei,46,Technology,M
Liang Qin & family,51,Technology,F
Terence (Terry) Matthews,80,Telecom,M
Jim McKelvey,57,Technology,M
Stefan Pierer,66,Automotive,M
Michael Polsky,74,Energy,M
Sathien Sathientham,68,Food & Beverage,M
Shang Xiaobo & family,49,Manufacturing,M
Ryan Smith,44,Technology,M
Zakhar Smushkin,61,Diversified,M
Michael Tojner,57,Manufacturing,M
August Troendle,67,Healthcare,M
Sekar Vembu,51,Technology,M
Chris Wallin,70,Energy,M
Wang Changtian,57,Media & Entertainment,M
Ning Wang & family,36,Media & Entertainment,M
Scott Watterson,67,Technology,M
Dan Wilks,66,Energy,M
Anthony Wood,57,Technology,M
Wu Ying,58,Manufacturing,M
Wu Yulan,53,Healthcare,F
Zhongyi Wu,49,Technology,M
Xiang Guangming & family,59,Manufacturing,M
Xue Xiangdong & family,64,Technology,M
George Yancopoulos,63,Healthcare,M
Steven Meng Yang & family,40,Technology,M
Ye Fan & family,52,Automotive,M
Yi Dasheng,62,Diversified,M
Yu Lili,55,Manufacturing,F
Zeng Kaitian,48,Technology,M
Zhang Xuexin & family,75,Metals & Mining,M
Yubai Zhang,58,Food & Beverage,M
Fredrik Österberg,52,Gambling & Casinos,M
Hamdi Akin & family,68,Diversified,M
Nerio Alessandri,61,Manufacturing,M
Mori Arkin,70,Healthcare,M
Zadik Bino & family,79,Diversified,M
Ahmet Calik,65,Diversified,M
Chu Jian,60,Manufacturing,M
Sandor Csanyi,70,Diversified,M
Egon Durban,49,Finance & Investments,M
Fu Mingkang & family,60,Manufacturing,M
Alan Gerry,94,Media & Entertainment,M
Philippe Ginestet & family,69,Fashion & Retail,M
G. Gnanalingam,78,Logistics,M
Wei Gu,58,Manufacturing,M
Patrick Hanrahan,67,Technology,M
Kenneth Hao,54,Finance & Investments,M
Jaroslav Hascak & family,53,Finance & Investments,M
He Zhenggang,69,Manufacturing,M
Niranjan Hiranandani,73,Real Estate,M
Ho Hung Anh,52,Finance & Investments,M
Archie Hwang,70,Technology,M
Rajeev Juneja,57,Healthcare,M
Ramesh Juneja,67,Healthcare,M
Ke Xiping & family,62,Diversified,M
Kim Jun-ki,78,Diversified,M
Sidney Kimmel,95,Fashion & Retail,M
Jim Koch,73,Food & Beverage,M
Li Jianli,50,Manufacturing,M
Li Jiaquan,59,Manufacturing,M
Li Rucheng,71,Fashion & Retail,M
Li Shui-po,66,Manufacturing,M
Scott Lin,90,Technology,M
Liu Xiucai & family,66,Manufacturing,M
Lu Zhongfang,80,Automotive,F
Lu Zongjun,59,Logistics,M
Youssef Mansour,77,Diversified,M
Bruce Mathieson,79,Real Estate,M
Romano Minozzi,88,Diversified,M
Greg Mondre,48,Finance & Investments,M
Mario Moretti Polegato & family,70,Fashion & Retail,M
Jerry Moyes & family,79,Logistics,M
Nelson Peltz,80,Finance & Investments,M
Mike Repole,55,Food & Beverage,M
Christopher Rokos,52,Finance & Investments,M
John Ruiz,56,Service,M
Sheryl Sandberg,53,Technology,F
Amnon Shashua,62,Automotive,M
Ben Silbermann,40,Media & Entertainment,M
Ron Sim,64,Fashion & Retail,M
Leonid Simanovsky,73,Finance & Investments,M
Basudeo Singh,82,Healthcare,M
Thomas Steyer,65,Finance & Investments,M
Sergei Studennikov & family,56,Fashion & Retail,M
Su Suyu & family,74,Real Estate,F
Kevin Systrom,39,Technology,M
Tan Lili,64,Food & Beverage,F
Tang Binsen,40,Food & Beverage,M
Tang Rui,64,Technology,M
Prachak Tangkaravakoon,79,Manufacturing,M
Jeff Tangney,50,Healthcare,M
Yuequn Tao,63,Fashion & Retail,M
David Teoh,67,Telecom,M
Tran Ba Duong & family,63,Automotive,M
Kenny Troutt,75,Telecom,M
Jens von Bahr,52,Gambling & Casinos,M
Wang Junmin,54,Healthcare,M
Weng Xianding,61,Healthcare,M
Farris Wilks,71,Energy,M
Gordon Wu,87,Real Estate,M
Xiong Wu,47,Technology,M
Xu Zhenhua,64,Media & Entertainment,M
Xu Zhihan,50,Technology,M
Tingdong Yang,62,Food & Beverage,M
Michael Minhong Yu,61,Service,M
Justin Yuan,64,Media & Entertainment,M
Zhang Bangxin,43,Service,M
Zhang Hong,64,Energy,F
Zhou Zongwen & family,66,Fashion & Retail,M
Alberto Alcocer,80,Finance & Investments,M
Nigel Austin,52,Fashion & Retail,M
Girdhari Lal Bawri,75,Healthcare,M
John Bloor,79,Diversified,M
Vladimir Bogdanov,71,Energy,M
Cai Jianyong,52,Metals & Mining,M
Steve Case,64,Technology,M
Chen Wenyuan & family,55,Technology,M
Chua Thian Poh,74,Real Estate,M
Chris Ellison,65,Metals & Mining,M
John Farber,97,Manufacturing,M
J. Christopher Flowers,65,Finance & Investments,M
Guan Yihong,53,Food & Beverage,M
Rajinder Gupta,64,Manufacturing,M
Alfredo Harp Helu & family,79,Finance & Investments,M
He Xiaopeng,45,Automotive,M
Drew Houston,40,Technology,M
Huang Jinxiang & family,58,Manufacturing,M
Rameshchandra Jain,74,Manufacturing,M
Ke Zunhong & family,68,Healthcare,M
Kim Taek-jin,56,Media & Entertainment,M
Koh Wee Meng,59,Real Estate,M
Sergei Kolesnikov,51,Manufacturing,M
Michael Lee-Chin,72,Finance & Investments,M
William Li,48,Automotive,M
Liu Fangyi,53,Healthcare,M
K.C. Liu,69,Technology,M
Liu Ming Chung,60,Manufacturing,M
Anatoly Lomakin,70,Metals & Mining,M
Lucia Maggi & family,90,Diversified,F
Mao Lixiang & family,82,Technology,M
David McMurtry,82,Manufacturing,M
Miao Shouliang,68,Real Estate,M
Miao Yongjun,55,Healthcare,M
Marius Nacht,57,Technology,M
Pan Longquan,58,Manufacturing,M
Pan Shiyi,60,Real Estate,M
David Paul,56,Healthcare,M
Qian Jinghong,50,Automotive,F
Qin Long,57,Manufacturing,M
M.Satyanarayana Reddy,65,Healthcare,M
Mochtar Riady & family,93,Diversified,M
Boris Rotenberg,66,Construction & Engineering,M
Subhash Runwal,79,Real Estate,M
Igor Rybakov,50,Manufacturing,M
Martin Selig,85,Real Estate,M
Airat Shaimiev,61,Energy,M
Radik Shaimiev,58,Energy,M
Nobutoshi Shimamura,97,Fashion & Retail,M
Jared Smith,48,Technology,M
Jianyi Wang,60,Technology,M
Wang Jilei,58,Logistics,M
Shuifu Wang,68,Manufacturing,M
"Alfred West, Jr.",80,Finance & Investments,M
Bo Wu,68,Manufacturing,M
Wu Chaoqun,53,Manufacturing,M
Swift Xie,43,Technology,M
Xu Guozhong & family,59,Manufacturing,M
Yao Kuizhang,58,Food & Beverage,M
Yu Peidi,63,Real Estate,M
Zhang Chuanwei & family,60,Manufacturing,M
Zhang Keqiang,62,Real Estate,M
Zhang Xin,57,Real Estate,F
Xinghai Zhang & family,60,Manufacturing,M
Zheng Jianjiang & family,62,Manufacturing,M
Zhou Chengjian,57,Fashion & Retail,M
Boris Zingarevich,63,Diversified,M
A. Jayson Adair,53,Automotive,M
Soegiarto Adikoesoemo,85,Logistics,M
Rajendra Agarwal,64,Healthcare,M
Anant Asavabhokhin,72,Real Estate,M
Roman Avdeev,55,Finance & Investments,M
Ziv Aviram,64,Automotive,M
Sachin Bansal,41,Fashion & Retail,M
Kiki Barki,83,Energy,M
Banwari Lal Bawri,70,Healthcare,M
Cai Mingtong,71,Technology,M
Anthony Casalena,40,Technology,M
Chang Jianming & family,58,Manufacturing,M
Richard Chang,76,Real Estate,M
Chen Xuehua,62,Metals & Mining,M
Chen Yin,50,Manufacturing,M
Chin Jong Hwa,64,Automotive,M
Alberto Cortina,77,Finance & Investments,M
Eduardo Costantini,76,Real Estate,M
Wenjun Dai,54,Food & Beverage,M
Anand Deshpande,60,Technology,M
Aydin Dogan,86,Media & Entertainment,M
Weimin Du,59,Healthcare,M
Timothy Dunn & family,67,Energy,M
Keiko Erikawa,74,Media & Entertainment,F
Yoichi Erikawa,72,Media & Entertainment,M
Philip Fayer,45,Finance & Investments,M
Marvy Finger,87,Real Estate,M
Joel Greenberg,65,Finance & Investments,M
He Zhiping,59,Finance & Investments,M
Gregg Hymowitz,57,Finance & Investments,M
Anurang Jain,61,Manufacturing,M
Jiang Guiting & family,64,Manufacturing,M
Jin Xin,56,Manufacturing,M
Conni Jonsson,62,Finance & Investments,M
Zbigniew Juroszek & family,60,Diversified,M
Alexander Karp,55,Technology,M
Joe Kiani,58,Healthcare,M
Seth Klarman,65,Finance & Investments,M
Kagemasa Kozuki,82,Technology,M
Michael Krasny,69,Technology,M
Eduard Kucera,70,Technology,M
Lee Hae-jin,55,Technology,M
Art Levinson,73,Diversified,M
Li Denghai,73,Food & Beverage,M
Fengluan Li,61,Diversified,F
Li Yongqing,58,Manufacturing,M
Li Zhigang,46,Manufacturing,M
Liu Gexin & family,71,Healthcare,M
Lu Hongyan,45,Media & Entertainment,M
Lv Jianming,58,Healthcare,M
Yasseen Mansour,61,Diversified,M
Charlwin Mao,64,Fashion & Retail,M
George Marcus,81,Real Estate,M
Yves-Loic Martin,57,Healthcare,M
Carsten Maschmeyer,63,Finance & Investments,M
Randal Nardone,67,Finance & Investments,M
Nguyen Dang Quang,59,Food & Beverage,M
Kazuo Okada,80,Gambling & Casinos,M
John Oyler,55,Healthcare,M
George Pedersen & family,87,Manufacturing,M
Qu Miranda,38,Fashion & Retail,F
Jupally Rameshwar Rao,67,Real Estate,M
G. M. Rao,72,Logistics,M
P.V. Ramprasad Reddy,65,Healthcare,M
Igor Rotenberg,49,Diversified,M
Hajime Satomi,81,Gambling & Casinos,M
James Scapa,66,Technology,M
Devi Shetty,70,Healthcare,M
Albert Shigaboutdinov,70,Diversified,M
Fei Song,56,Manufacturing,M
Konstantin Strukov & family,64,Metals & Mining,M
Rustem Sulteev,69,Energy,M
Clemens Toennies,66,Food & Beverage,M
John Van Lieshout,77,Real Estate,M
Pongsak Viddayakorn,89,Healthcare,M
Wang Jianguo,63,Fashion & Retail,M
Junjin Wang,54,Service,M
Wang Mingwang,55,Manufacturing,M
Wei Lidong & family,47,Technology,M
Wu Xiaoge,50,Manufacturing,F
Wu Xushun & family,74,Diversified,M
Xiong Xiaochuan,57,Healthcare,M
Xu Shaochun,60,Technology,M
Yan Jane & family,53,Technology,F
Zeng Chaoyi,54,Manufacturing,M
Peng Zhao,52,Service,M
Kostyantin Zhevago,49,Metals & Mining,M
Zong Yanmin,64,Manufacturing,M
Sanjay Agarwal,52,Finance & Investments,M
Joao Alves de Queiroz Filho,70,Diversified,M
Michael Arougheti,50,Finance & Investments,M
Mehmet Aydinlar,66,Healthcare,M
Bai Houshan,59,Energy,M
Thomas Bailey,86,Finance & Investments,M
Jeffrey Cheah,78,Real Estate,M
Chen Xianbao & family,63,Food & Beverage,M
Cheng Xianfeng,54,Healthcare,M
Darwin Deason,82,Service,M
Ashwin Desai,71,Manufacturing,M
Richard Desmond,71,Media & Entertainment,M
Sefik Yilmaz Dizdar,85,Fashion & Retail,M
Fang Hongbo,56,Manufacturing,M
Zsolt Felcsuti,51,Manufacturing,M
Ben Francis,30,Fashion & Retail,M
Gary Friedman,65,Fashion & Retail,M
Balkrishan Goenka,56,Manufacturing,M
Lawrence Golub,63,Finance & Investments,M
Saroj Rani Gupta,72,Manufacturing,F
Richard Hayne,75,Fashion & Retail,M
Michael Heine,73,Finance & Investments,M
Orion Hindawi,43,Technology,M
Huang Guanlin,58,Fashion & Retail,M
Sam Hupert,68,Technology,M
David Kaplan,55,Finance & Investments,M
Kim Kardashian,42,Fashion & Retail,F
Ke Guihua,57,Manufacturing,M
Ke Yunfeng & family,56,Healthcare,M
Alexander Klyachin,55,Real Estate,M
Guy Laliberté,63,Media & Entertainment,M
Lee Su-jin,45,Technology,M
Li Guoqing,53,Manufacturing,M
Li Li,59,Healthcare,M
Li Ruiqiang,43,Healthcare,M
Zhen Li & family,59,Manufacturing,M
Guangwei Liang,59,Manufacturing,M
Frederic Luddy,68,Technology,M
Mao Zhongwu,60,Manufacturing,M
Lorinc Meszaros,57,Diversified,M
Jeffrey Michael & family,66,Technology,M
Alan Miller & family,85,Healthcare,M
Scott Nuttall,50,Finance & Investments,M
Jonathan Oringer,48,Technology,M
Vitaly Orlov,58,Food & Beverage,M
Jose Isaac Peres & family,82,Real Estate,M
Markus Persson,43,Media & Entertainment,M
Mark Pincus,57,Technology,M
Forrest Preston,90,Healthcare,M
Qian Ying,57,Food & Beverage,F
Jimmy Rane,76,Manufacturing,M
Bennett Rosenthal,59,Finance & Investments,M
Gerald Schwartz,81,Finance & Investments,M
Eric Ya Shen,52,Technology,M
Abhay Soi,49,Healthcare,M
Michael Steinhardt,82,Finance & Investments,M
Eddy Sugianto,77,Metals & Mining,M
Luc Tack,61,Manufacturing,M
Tony Tan Caktiong,70,Food & Beverage,M
Xiuguo Tang,59,Manufacturing,M
Sam Tarascio,78,Real Estate,M
Ching Bor Tung,60,Manufacturing,M
Joop van den Ende,81,Media & Entertainment,M
Ruben Vardanyan & family,54,Finance & Investments,M
Sandro Veronesi & family,63,Fashion & Retail,M
Thongma Vijitpongpun,65,Real Estate,M
Wang Fuji,64,Healthcare,M
Wang Shih-Chung,61,Manufacturing,M
Wang Xiaoshen,54,Manufacturing,M
J. Wayne Weaver,87,Diversified,M
Cameron Winklevoss,41,Finance & Investments,M
Tyler Winklevoss,41,Finance & Investments,M
Wu Yonghua,52,Fashion & Retail,M
Xia Xinde,58,Manufacturing,M
Wenbo Xiang,60,Manufacturing,M
Xu Jin,58,Food & Beverage,M
Xu Shijun & family,60,Manufacturing,M
Wanmao Xu,78,Service,M
Xu Yuejuan,61,Manufacturing,F
Vadim Yakunin,60,Healthcare,M
Yang Yunyun,46,Fashion & Retail,F
Zan Shengda,60,Diversified,M
Zhang Xuezheng,47,Technology,M
Zhang Yin,66,Manufacturing,F
Ning Zhao,56,Healthcare,F
Zhou Wen & family,58,Manufacturing,M
Zhu Xingliang,63,Construction & Engineering,M
Hari Krishan Agarwal,66,Fashion & Retail,M
Farkhad Akhmedov,67,Energy,M
Joseph Bae,51,Finance & Investments,M
Sara Blakely,52,Fashion & Retail,F
Lloyd Blankfein,68,Finance & Investments,M
Henadiy Boholyubov,61,Diversified,M
Stephane Bonvin,56,Real Estate,M
Ryan Breslow,28,Technology,M
Marina Budiman,61,Technology,F
Cai Hongbin,64,Healthcare,M
Cao Kejian,60,Manufacturing,M
Chang Jing,40,Technology,M
Chen Baohua,61,Healthcare,M
Gang Chen,55,Energy,M
Liying Chen,47,Logistics,F
Chen Xueling,55,Manufacturing,F
Cheng Lili,58,Food & Beverage,M
Deng Yingzhong,72,Manufacturing,M
Shlomo Eliahu,87,Finance & Investments,M
Gabriel Escarrer,88,Service,M
Paul Fireman,79,Fashion & Retail,M
Bernd Freier,66,Fashion & Retail,M
Donald Friese,82,Manufacturing,M
Gan Zhongru,74,Healthcare,M
David Golub,60,Finance & Investments,M
Pavel Golubkov,47,Real Estate,M
Cristina Green,74,Fashion & Retail,F
Philip Green,72,Fashion & Retail,M
He Zuxun,57,Food & Beverage,M
David Hindawi,78,Technology,M
Huang Shan,52,Technology,M
Huang Xiaofen & family,61,Technology,F
Chatchai Kaewbootta,71,Finance & Investments,M
Nikhil Kamath,36,Finance & Investments,M
Fumio Kaneko,66,Service,M
Ali Metin Kazanci,88,Energy,M
Kangbao Ke & family,60,Healthcare,M
Andrei Kosogov,62,Energy,M
Yogesh Kothari,74,Manufacturing,M
Manuel Lao Hernández,78,Gambling & Casinos,M
Lee Joong-keun,82,Construction & Engineering,M
Lin Zhijun,47,Healthcare,M
Lin Zhixiong & family,49,Healthcare,M
Lu Rongfu,52,Telecom,M
Lyu Yixiong,60,Fashion & Retail,M
Soichiro Minami,46,Technology,M
Dmitry Nikolaev,56,Energy,M
Adrian Paval,54,Fashion & Retail,M
Antonio Percassi,69,Diversified,M
Kevin Plank,50,Fashion & Retail,M
Pu Zhongjie & family,60,Healthcare,M
Rao Wei & family,58,Healthcare,M
Matthew Roszak,50,Finance & Investments,M
Paul Sciarra,42,Technology,M
Dean Solon,58,Energy,M
Michael Spencer,67,Finance & Investments,M
Joseph Steinberg,79,Finance & Investments,M
Manny Stul,73,Manufacturing,M
Sun Hongjun,49,Technology,M
Sun Weijie,59,Manufacturing,M
Min-Liang Tan,45,Media & Entertainment,M
Tang Aoqi & family,77,Automotive,M
Tsao Ter-fung,76,Food & Beverage,M
Wan Long,82,Food & Beverage,M
Lars Wingefors,46,Media & Entertainment,M
Allan Wong,73,Manufacturing,M
Tiger Woods,47,Sports,M
Horst Wortmann,81,Fashion & Retail,M
Wu Kaiting,53,Telecom,M
Wu Xiangdong,54,Food & Beverage,M
Xiu Laigui,68,Healthcare,M
Xu Jiangnan,61,Healthcare,M
Xue Jiping,72,Telecom,M
Ye Qiongjiu,68,Technology,F
Yanqiao Ye,53,Food & Beverage,M
Yu Faxiang,51,Media & Entertainment,M
Kapeng Zhang,58,Construction & Engineering,M
Zhang Xuansong,51,Fashion & Retail,M
Zhang Xuewu,48,Food & Beverage,M
Zhu Yiming,50,Technology,M
Zhu Zhaojiang,49,Manufacturing,M
Ryuji Arai,76,Fashion & Retail,M
Jimmy Buffett,76,Media & Entertainment,M
Edouard Carmignac,75,Finance & Investments,M
Chen Jiancheng,64,Manufacturing,M
Rui Chen,45,Media & Entertainment,M
Chen Shiliang,59,Manufacturing,M
Yuantai Chen,55,Energy,M
Kochouseph Chittilappilly,72,Manufacturing,M
Pollyanna Chu,64,Finance & Investments,F
Turgay Ciner,67,Diversified,M
Du Yulin & family,50,Technology,M
Feng Yuxia,58,Healthcare,F
Gao Yunfeng,56,Manufacturing,M
Jianming Geng,60,Real Estate,M
Sven Hagströmer,79,Finance & Investments,M
Hang Hong,55,Manufacturing,F
He Yamin & family,66,Manufacturing,M
Hong Feng,46,Technology,M
Hu Gengxi & family,59,Healthcare,M
Danilo Iervolino,45,Technology,M
Hedda im Brahm-Droege,68,Finance & Investments,F
Inder Jaisinghani,70,Manufacturing,M
LeBron James,38,Sports,M
Morris Kahn,93,Technology,M
Ashok Kajaria,75,Manufacturing,M
Marcelo Kalim,53,Finance & Investments,M
Ken Kendrick,79,Sports,M
Brad Keywell,53,Technology,M
Kim Jung-woong,48,Fashion & Retail,M
Ihor Kolomoyskyy,60,Diversified,M
Kong Jian Min,55,Real Estate,M
Michael Kum,78,Real Estate,M
Richard Kurtz,82,Real Estate,M
Lev Kvetnoi,57,Finance & Investments,M
Michiel Le Roux,73,Finance & Investments,M
Li Wanqiang,45,Technology,M
Liu Baolin,69,Fashion & Retail,M
Loo Choon Yong,74,Healthcare,M
Lu Yonghua & family,59,Technology,M
Ma Xiuhui,52,Manufacturing,F
Andrei Molchanov,51,Construction & Engineering,M
Fulvio Montipò & family,78,Manufacturing,M
Tyler Perry,53,Media & Entertainment,M
Réal Plourde,64,Fashion & Retail,M
Eddy Kusnadi Sariaatmadja,69,Media & Entertainment,M
Scott Smith,73,Technology,M
Petter Stordalen & family,60,Service,M
Ivan Streshinsky,53,Diversified,M
Sergei Sudarikov,51,Finance & Investments,M
Kenzo Tsujimoto,82,Media & Entertainment,M
Murat Vargi,75,Telecom,M
Shigefumi Wada,70,Technology,M
Wan Feng & family,54,Healthcare,M
Wang Jianfeng & family,53,Automotive,M
Wen Pengcheng & family,60,Food & Beverage,M
Xie Bingzheng & family,54,Fashion & Retail,M
Xu Gang,59,Manufacturing,M
Yan Junxu,53,Manufacturing,M
Yi Xianzhong & family,63,Healthcare,M
Yu Rong,51,Healthcare,M
Zhang Gongyun,60,Manufacturing,M
Zhang Guiping & family,71,Real Estate,M
