personName;Country of birth;Self-made
Elon Musk;Sudafrica;Sì
Jeff Bezos;Stati Uniti;Sì
Larry Ellison;Stati Uniti;Sì
Warren Buffett;Stati Uniti;Sì
Bill Gates;Stati Uniti;Sì
Michael Bloomberg;Stati Uniti;Sì
Carlos Slim Helu;Messico;No
Steve Ballmer;Stati Uniti;Sì
Larry Page;Stati Uniti;Sì
Amancio Ortega;Spagna;Sì
Sergey Brin;Russia;Sì
Zhong Shanshan;Cina;Sì
Mark Zuckerberg;Stati Uniti;Sì
Michael Dell;Stati Uniti;Sì
Gautam Adani;India;Sì
Phil Knight;Stati Uniti;Sì
Zhang Yiming;Cina;Sì
François Pinault;Francia;No
Li Ka-shing;Hong Kong;Sì
Ma Huateng;Cina;Sì
Ken Griffin;Stati Uniti;Sì
Robin Zeng;Cina;Sì
Tadashi Yanai;Giappone;No
Len Blavatnik;Ucraina;No
Gianluigi Aponte;Italia;Sì
Rafaela Aponte-Diamant;Italia;Sì
Colin Zheng Huang;Cina;Sì
Reinhold Wuerth;Germania;Sì
Lee Shau Kee;Hong Kong;No
Jeff Yass;Stati Uniti;Sì
Jim Simons;Stati Uniti;Sì
Stephen Schwarzman;Stati Uniti;Sì
William Ding;Cina;Sì
Shiv Nadar;India;Sì
Low Tuck Kwong;Indonesia;Sì
Thomas Peterffy;Ungheria;Sì
Andrey Melnichenko;Russia;Sì
Vladimir Potanin;Russia;No
Jack Ma;Cina;Sì
He Xiangjian;Cina;Sì
James Ratcliffe;Regno Unito;Sì
Masayoshi Son;Giappone;Sì
Vladimir Lisin;Russia;No
Leonid Mikhelson;Russia;No
Wang Wei;Cina;Sì
Jensen Huang;Taiwan;Sì
Takemitsu Takizaki;Giappone;Sì
Alexey Mordashov;Russia;No
Vagit Alekperov;Azerbaigian;No
Thomas Frist Jr. & famiglia;Stati Uniti;No
Andrew Forrest;Australia;Sì
Ray Dalio;Stati Uniti;Sì
Eric Li;Cina;Sì
Wang Wenyin;Cina;Sì
Qin Yinglin;Cina;Sì
Wang Chuanfu;Cina;Sì
Harold Hamm & famiglia;Stati Uniti;Sì
David Tepper;Stati Uniti;Sì
Gennady Timchenko;Armenia;No
Daniel Gilbert;Stati Uniti;Sì
Steve Cohen;Stati Uniti;Sì
Carl Icahn;Stati Uniti;Sì
Donald Bren;Stati Uniti;No
John Menard Jr.;Stati Uniti;Sì
Li Xiting;Cina;Sì
Eric Schmidt;Stati Uniti;No
Michael Platt;Regno Unito;Sì
Pang Kang;Cina;Sì
Jorge Paulo Lemann & famiglia;Brasile;No
Dilip Shanghvi;India;Sì
Robert Pera;Stati Uniti;Sì
Radhakishan Damani;India;Sì
Huang Shilin;Cina;Sì
David Green & famiglia;Stati Uniti;No
Charoen Sirivadhanabhakdi;Thailandia;Sì
Xu Hang;Cina;Sì
Wei Jianjun & famiglia;Cina;Sì
Alisher Usmanov;Uzbekistan;No
Goh Cheng Liang;Singapore;Sì
Aliko Dangote;Nigeria;Sì
Chen Bang;Cina;Sì
Lui Che Woo;Cina;No
John Fredriksen;Norvegia;Sì
Diane Hendricks;Stati Uniti;Sì
Jan Koum;Ucraina;Sì
Jerry Jones;Stati Uniti;Sì
Joseph Lau;Hong Kong;No
Lu Xiangyang;Cina;Sì
Harry Triguboff;Cina;Sì
Uday Kotak;India;Sì
Stanley Kroenke;Stati Uniti;No
Mikhail Fridman;Ucraina;No
Sarath Ratanavadi;Thailandia;Sì
Dang Yanbao;Cina;Sì
Jiang Rensheng & famiglia;Cina;Sì
Shahid Khan;Pakistan;Sì
Robert Kuok;Malesia;No
Stephen Ross;Stati Uniti;Sì
Pavel Durov;Russia;Sì
Andreas Struengmann & famiglia;Germania;No
Thomas Struengmann & famiglia;Germania;No
Liu Hanyuan;Cina;Sì
Michael Rubin;Stati Uniti;Sì
Israel Englander;Stati Uniti;Sì
Viatcheslav Kantor;Russia;Sì
Mikhail Prokhorov;Russia;Sì
Giorgio Armani;Italia;Sì
Gong Hongjia & famiglia;Cina;Sì
Zhang Zhidong;Cina;Sì
Judy Love & famiglia;Stati Uniti;Sì
Robert Kraft;Stati Uniti;Sì
Marcel Herrmann Telles;Brasile;Sì
Suleiman Kerimov & famiglia;Russia;No
Sky Xu;Cina;Sì
Changpeng Zhao;Cina;Sì
Andrew Beal;Stati Uniti;Sì
Mike Cannon-Brookes;Australia;Sì
David Duffield;Stati Uniti;Sì
Jeffery Hildebrand;Stati Uniti;Sì
Viktor Rashnikov;Russia;No
Eduardo Saverin;Brasile;Sì
Scott Farquhar;Australia;Sì
Wu Yajun;Cina;Sì
Autry Stephens;Stati Uniti;Sì
Liu Yongxing;Cina;Sì
Vinod Adani;India;No
Melker Schorling & famiglia;Svezia;No
Andrei Guriev & famiglia;Russia;No
Michael Kim;Corea del Sud;Sì
Lei Jun;Cina;Sì
Sun Piaoyang;Cina;Sì
Jin Baofang;Cina;Sì
Luo Liguo & famiglia;Cina;Sì
Jim Pattison;Canada;Sì
Wang Xing;Cina;Sì
Brian Chesky;Stati Uniti;Sì
James Dyson;Regno Unito;Sì
Roman Abramovich & famiglia;Russia;No
Daniel Kretinsky;Repubblica Ceca;Sì
John Malone;Stati Uniti;Sì
Charles Schwab;Stati Uniti;Sì
Eric Smidt;Stati Uniti;Sì
David Cheriton;Canada;Sì
Ivan Glasenberg;Sudafrica;Sì
Anthony von Mandl;Canada;Sì
Wang Liping & famiglia;Cina;Sì
Tatyana Bakalchuk;Russia;Sì
John Doerr;Stati Uniti;Sì
Richard Liu;Cina;Sì
Dustin Moskovitz;Stati Uniti;Sì
Pierre Omidyar;Francia;Sì
Pei Zhenhua;Cina;Sì
Chen Jianhua;Cina;Sì
Leon Black;Stati Uniti;Sì
Graeme Hart;Nuova Zelanda;Sì
Hasso Plattner & famiglia;Germania;Sì
Carlos Alberto Sicupira;Brasile;Sì
Manuel Villar;Filippine;Sì
Andreas von Bechtolsheim;Germania;Sì
Chase Coleman, III.;Stati Uniti;No
Li Zhenguo & famiglia;Cina;Sì
John Morris;Stati Uniti;Sì
Francis Choi;Hong Kong;Sì
German Khan;Ucraina;No
George Roberts;Stati Uniti;Sì
Wang Jianlin;Cina;No
Tilman Fertitta;Stati Uniti;Sì
Karel Komarek;Repubblica Ceca;Sì
Nathan Blecharczyk;Stati Uniti;Sì
Leonid Fedun;Russia;No
Bernard Marcus;Stati Uniti;Sì
Patrick Ryan;Stati Uniti;Sì
Robert F. Smith;Stati Uniti;Sì
Pavel Tykac;Repubblica Ceca;Sì
Orlando Bravo;Stati Uniti;Sì
Ding Shizhong;Cina;Sì
Ramzi Musallam;Stati Uniti;Sì
David Shaw;Stati Uniti;Sì
Andrei Skoch & famiglia;Russia;No
Georg Stumpf;Austria;Sì
Rocco Commisso;Italia;Sì
Li Shuirong & famiglia;Cina;Sì
Lin Shu-hong;Cina;Sì
Qi Shi & famiglia;Cina;Sì
Yao Liangsong;Cina;Sì
Zhang Congyuan;Taiwan;Sì
David Geffen;Stati Uniti;Sì
Robin Li;Cina;Sì
Liu Yonghao & famiglia;Cina;Sì
Henry Samueli;Stati Uniti;Sì
Reinhold Schmieding;Germania;Sì
Ivar Tollefsen;Norvegia;Sì
Cao Renxian;Cina;Sì
Hasmukh Chudgar & famiglia;India;Sì
Andrew Currie;Regno Unito;Sì
Joe Gebbia;Stati Uniti;Sì
John Reece;Regno Unito;Sì
Joseph Tsai;Taiwan;Sì
Zhong Huijuan;Cina;Sì
Arthur Blank;Stati Uniti;Sì
Ding Shijia;Cina;Sì
Paul Tudor Jones II;Stati Uniti;Sì
Henry Kravis;Stati Uniti;Sì
Zhang Yong;Cina;Sì
James Goodnight;Stati Uniti;Sì
Ma Jianrong;Cina;Sì
Steven Rales;Stati Uniti;Sì
Harry Stine;Stati Uniti;Sì
Iskander Makhmudov;Russia;Sì
Wang Laichun;Cina;Sì
Arthur Dantchik;Stati Uniti;Sì
Terry Gou;Taiwan;Sì
Jeff Greene;Stati Uniti;Sì
Don Hankey;Stati Uniti;Sì
Richard Kinder;Stati Uniti;Sì
Guillaume Pousaz;Svizzera;Sì
Zong Qinghou;Cina;Sì
Judy Faulkner;Stati Uniti;Sì
Johann Graf;Austria;Sì
Liang Wengen;Cina;Sì
Zhang Hejun;Cina;Sì
Marc Benioff;Stati Uniti;Sì
Dmitri Bukhman;Russia;Sì
Igor Bukhman;Russia;Sì
Jack Dangermond;Stati Uniti;Sì
Ralph Lauren;Stati Uniti;Sì
J. Christopher Reyes;Stati Uniti;No
Jude Reyes;Stati Uniti;No
Don Vultaggio & famiglia;Stati Uniti;Sì
Philippe Laffont;Svizzera;Sì
Liu Jincheng & famiglia;Cina;Sì
Igor Olenicoff;Russia;Sì
Silvio Berlusconi & famiglia;Italia;Sì
Denise Coates;Regno Unito;Sì
Yuri Milner;Russia;Sì
Gordon Moore;Stati Uniti;Sì
John Overdeck;Stati Uniti;Sì
David Siegel;Stati Uniti;Sì
Viktor Vekselberg;Ucraina;No
Wang Laisheng;Cina;Sì
Ken Fisher;Stati Uniti;Sì
Christopher Hohn;Regno Unito;Sì
Li Ping;Cina;Sì
Lin Jianhua;Cina;Sì
Xavier Niel;Francia;Sì
Terrence Pegula;Stati Uniti;Sì
John A. Sobrato & famiglia;Stati Uniti;No
George Soros;Ungheria;Sì
David Sun;Taiwan;Sì
John Tu;Taiwan;Sì
Xu Shihui;Cina;Sì
Bruce Kovner;Stati Uniti;Sì
Henry Nicholas III;Stati Uniti;Sì
David Bonderman;Stati Uniti;Sì
Nathan Kirsh;Swaziland;Sì
David Reuben;Regno Unito;Sì
Simon Reuben;Regno Unito;Sì
Radovan Vitek;Repubblica Ceca;Sì
Carl Bennet;Svezia;Sì
Stephen Bisciotti;Stati Uniti;Sì
Stanley Druckenmiller;Stati Uniti;Sì
Jian Jun;Cina;Sì
Alexei Kuzmichev;Russia;Sì
Dmitry Rybolovlev & famiglia;Russia;No
Luis Carlos Sarmiento;Colombia;Sì
Dennis Washington;Stati Uniti;Sì
Gao Jifan & famiglia;Cina;Sì
John Grayken;Stati Uniti;Sì
Wang Yusuo & famiglia;Cina;Sì
Stef Wertheimer & famiglia;Israele;Sì
Gustaf Douglas;Svezia;No
Frits Goldschmeding;Paesi Bassi;No
Lin Muqin & famiglia;Cina;Sì
Ruan Liping;Cina;Sì
Ruan Xueping;Cina;Sì
Michal Solowow;Polonia;Sì
Mike Adenuga;Nigeria;Sì
Tom Gores;Stati Uniti;Sì
Sunil Mittal;India;Sì
Zhou Qunfei;Cina;Sì
Alexander Abramov;Russia;Sì
Rene Benko;Austria;Sì
Neil Bluhm;Stati Uniti;Sì
Alain Bouchard;Canada;Sì
Jay Chaudhry;India;Sì
Gopikishan Damani;India;Sì
Joe Lewis;Regno Unito;Sì
Frank Lowy;Slovacchia;Sì
Michael Milken;Stati Uniti;Sì
David Steward;Stati Uniti;Sì
Les Wexner & famiglia;Stati Uniti;No
Cai Kui;Cina;Sì
Andreas Halvorsen;Norvegia;Sì
Antony Ressler;Stati Uniti;Sì
Josh Harris;Stati Uniti;Sì
Patrick Soon-Shiong;Sudafrica;Sì
Rinat Akhmetov;Ucraina;No
John Brown;Stati Uniti;Sì
Clive Calder;Sudafrica;Sì
Lai Meisong;Cina;Sì
Ken Langone;Stati Uniti;Sì
Li Ge;Cina;Sì
Teddy Sagi;Israele;Sì
Seo Jung-jin;Corea del Sud;Sì
Wu Jianshu;Cina;Sì
Pierre Chen;Taiwan;Sì
John Collison;Irlanda;Sì
Patrick Collison;Irlanda;Sì
Archie Aldis Emmerson;Stati Uniti;Sì
Jiang Weiping;Cina;Sì
Wolfgang Marguerre;Germania;No
Mitchell Rales;Stati Uniti;Sì
Jean Salata;Canada;Sì
Paul Singer;Stati Uniti;Sì
Sergio Stevanato;Italia;No
Richard White;Australia;Sì
Zhao Yan;Cina;Sì
Patrizio Bertelli;Italia;Sì
Leo Koguan;Indonesia;Sì
Miao Hangen;Cina;Sì
Michael Pieper;Svizzera;No
Todd Boehly;Stati Uniti;Sì
Rick Caruso;Stati Uniti;Sì
Ibrahim Erdemoglu;Turchia;Sì
Douglas Leone;Italia;Sì
Lynda Resnick;Stati Uniti;No
Stewart Resnick;Stati Uniti;No
Mark Walter;Stati Uniti;Sì
Ronald Wanek;Stati Uniti;Sì
Erich Wesjohann;Germania;No
M.A. Yusuff Ali;India;Sì
Alexandre Behring;Brasile;Sì
Cheng Xue;Cina;Sì
Robert Faith;Stati Uniti;Sì
Gao Dekang;Cina;Sì
Ananda Krishnan;Malesia;Sì
Barry Lam;Taiwan;Sì
Mark Scheinberg;Israele;Sì
Charles Simonyi;Ungheria;Sì
Ty Warner;Stati Uniti;Sì
Sam Zell;Stati Uniti;Sì
Fang Wei;Cina;Sì
Kwon Hyuk-bin;Corea del Sud;Sì
Sami Mnaymneh;Libano;Sì
Kjell Inge Rokke;Norvegia;Sì
Tony Tamer;Stati Uniti;Sì
Tse Ping;Cina;No
Romesh T. Wadhwani;India;Sì
Hansjoerg Wyss;Svizzera;Sì
Ron Baron;Stati Uniti;Sì
Alexander Gerko;Russia;Sì
Robert Hale Jr.;Stati Uniti;Sì
Viktor Kharitonin;Russia;No
Kim Beom-su;Corea del Sud;Sì
George Lucas;Stati Uniti;Sì
Ugur Sahin;Turchia;Sì
Chip Wilson;Canada;Sì
Jim Davis;Stati Uniti;Sì
Murali Divi;India;Sì
Marcos Galperin;Argentina;Sì
Tom Golisano;Stati Uniti;Sì
Jonathan Gray;Stati Uniti;Sì
Bidzina Ivanishvili;Georgia;No
Lim Hariyanto Wijaya Sarwono;Indonesia;Sì
Rudolf Maag;Svizzera;Sì
Dan Snyder;Stati Uniti;Sì
Chairul Tanjung;Indonesia;Sì
Kelcy Warren;Stati Uniti;Sì
Zhang Tao;Cina;Sì
Michael Ashley;Regno Unito;Sì
Tomasz Biernacki;Polonia;Sì
Bernard Broermann;Germania;No
Vinod Khosla;India;Sì
Thai Lee;Corea del Sud;Sì
Horst Julius Pudwill;Germania;Sì
Yu Yong;Cina;Sì
Jason Chang;Taiwan;Sì
Ali Erdemoglu;Turchia;Sì
Andre Esteves;Brasile;Sì
Li Gaiteng;Cina;Sì
Thomas Secunda;Stati Uniti;Sì
Zuowen Song;Cina;Sì
Tim Sweeney;Stati Uniti;Sì
Bert Beveridge;Stati Uniti;Sì
Mark Cuban;Stati Uniti;Sì
Charles Dolan;Stati Uniti;No
Jack Dorsey;Stati Uniti;Sì
Fan Hongwei;Cina;Sì
Vladimir Kim;Kazakistan;Sì
Li Chunan;Cina;Sì
Forrest Li;Singapore;Sì
Issad Rebrab;Algeria;Sì
Fred Smith;Stati Uniti;Sì
Barry Sternlicht;Stati Uniti;Sì
Russ Weiner;Stati Uniti;Sì
Xue Min;Cina;Sì
Dietmar Hopp;Germania;No
Jiang Bin;Cina;Sì
Joseph Liemandt;Stati Uniti;Sì
N.R. Narayana Murthy;India;Sì
Marc Rowan;Stati Uniti;Sì
Hussain Sajwani;Emirati Arabi Uniti;Sì
David Velez;Colombia;Sì
Xu Jinfu;Cina;Sì
You Xiaoping;Cina;Sì
Stéphane Bancel;Francia;Sì
Neal Blue;Stati Uniti;Sì
Jim Davis;Stati Uniti;No
Peter Grogg;Svizzera;Sì
Mangal Prabhat Lodha;India;Sì
Joe Mansueto;Stati Uniti;Sì
Qian Dongqi;Cina;Sì
Mikhail Shelkov;Russia;No
Patrick Drahi;Francia;Sì
Behdad Eghbali;Iran;Sì
Juan Carlos Escotet;Venezuela;Sì
Jose E. Feliciano;Stati Uniti;Sì
Hu Kaijun;Cina;Sì
Johnelle Hunt;Stati Uniti;Sì
Marian Ilitch;Stati Uniti;Sì
Daryl Katz;Canada;Sì
Andrei Kozitsyn;Russia;No
Timur Kulibaev;Kazakistan;No
Ian Livingstone;Regno Unito;Sì
Richard Livingstone;Regno Unito;Sì
Jay Paul;Stati Uniti;Sì
Pham Nhat Vuong;Vietnam;Sì
Frank Wang;Cina;Sì
Wang Junshi;Cina;Sì
Wang Wenjing;Cina;Sì
Herbert Wertheim;Stati Uniti;Sì
Pyotr Aven;Russia;No
Chan Laiwa;Cina;Sì
Chen Hua;Cina;Sì
Dewi Kam;Indonesia;Sì
Min Kao;Taiwan;Sì
Marc Ladreit de Lacharriere;Francia;No
Eric Lefkofsky;Stati Uniti;Sì
Lin Bin;Cina;Sì
Lin Li;Cina;Sì
Michael Moritz;Regno Unito;Sì
Jeff Skoll;Canada;Sì
Djoko Susanto;Indonesia;Sì
Tahir;Pakistan;Sì
Peter Thiel;Germania;Sì
Andrej Babis;Repubblica Ceca;Sì
Nick Caporella;Stati Uniti;Sì
John Catsimatidis;Grecia;Sì
Scott Cook;Stati Uniti;Sì
Hong Jie;Cina;Sì
Igor Kesaev;Russia;No
Arturo Moreno;Stati Uniti;Sì
Peter Spuhler;Svizzera;Sì
Donald Sterling;Stati Uniti;Sì
Kerry Stokes;Australia;Sì
Ken Xie;Cina;Sì
Liangzhi Xie;Cina;Sì
Ben Chestnut;Stati Uniti;Sì
Guangchang Guo;Cina;Sì
John Henry;Stati Uniti;Sì
Travis Kalanick;Stati Uniti;Sì
Koon Poh Keong;Malesia;Sì
Dan Kurzius;Stati Uniti;Sì
Paul Lee;Stati Uniti;Sì
Tobi Lutke;Germania;Sì
Gail Miller;Stati Uniti;No
Isaac Perlmutter;Israele;Sì
Shaul Shani;Israele;Sì
Steven Spielberg;Stati Uniti;Sì
Jerzy Starak;Polonia;Sì
Torbjorn Tornqvist;Svezia;Sì
Rufino Vigil Gonzalez;Messico;Sì
Zhang Daocai;Cina;Sì
Vanich Chaiyawan;Thailandia;No
Chen Dongsheng;Cina;Sì
Guenther Fielmann;Germania;No
Jorge Moll Filho;Brasile;Sì
Gabe Newell;Stati Uniti;Sì
Ruan Hongliang;Cina;Sì
Mark Stevens;Stati Uniti;Sì
Wu Yiling;Cina;Sì
Yu Renrong;Cina;Sì
Zhu Baoguo;Cina;Sì
Francesco Caltagirone;Italia;No
Barry Diller;Stati Uniti;Sì
Wesley Edens;Stati Uniti;Sì
Stephen Feinberg;Stati Uniti;Sì
Rakesh Gangwal;India;Sì
Joseph Grendys;Stati Uniti;Sì
Li Xiang;Cina;Sì
Trevor Rees-Jones;Stati Uniti;Sì
Yasumitsu Shigeta;Giappone;Sì
Su Qingcan;Cina;Sì
Steven Udvar-Hazy;Ungheria;Sì
Elizabeth Uihlein;Stati Uniti;No
Richard Uihlein;Stati Uniti;No
Hayes Barnard;Stati Uniti;Sì
William Berkley;Stati Uniti;Sì
Yakir Gabay;Israele;Sì
Huang Li;Cina;Sì
Brad Jacobs;Stati Uniti;Sì
Ji Qi;Cina;Sì
Jason Jiang;Cina;Sì
Jim Kavanaugh;Stati Uniti;Sì
Mikhail Lomtadze;Kazakistan;Sì
Tom Morris;Regno Unito;Sì
Shigenobu Nagamori;Giappone;Sì
Daniel Och;Stati Uniti;Sì
Horst Paulmann;Germania;No
John Sall;Stati Uniti;Sì
Howard Schultz;Stati Uniti;Sì
Richard Schulze;Stati Uniti;Sì
Yitzhak Tshuva;Israele;Sì
Wang Yanqing;Cina;Sì
Leonid Boguslavsky;Russia;Sì
Jim Coulter;Stati Uniti;Sì
Bob Gaglardi;Canada;Sì
Alan Howard;Regno Unito;Sì
Huang Yi;Cina;Sì
Vyacheslav Kim;Kazakistan;Sì
Josh Kushner;Stati Uniti;Sì
Edwin Leong;Hong Kong;Sì
Stephen Mandel, Jr.;Stati Uniti;Sì
Mohamed Mansour;Egitto;Sì
Masahiro Miki;Giappone;Sì
Masahiro Noda;Giappone;Sì
Cliff Obrecht;Australia;Sì
Melanie Perkins;Australia;Sì
Jerry Speyer;Stati Uniti;No
Lawrence Stroll;Canada;No
Wang Junlin;Cina;Sì
Xia Zuoquan;Cina;Sì
Zeng Fangqin;Cina;Sì
Zhang Jian;Cina;Sì
Fashu Chen;Cina;Sì
Giuseppe Crippa;Italia;Sì
Daniel D'Aniello;Stati Uniti;Sì
Walter P.J. Droege;Germania;Sì
Fan Daidi;Cina;Sì
Peter Gassner;Stati Uniti;Sì
Mikhail Gutseriev;Russia;No
Patrick Lee;Stati Uniti;Sì
Leng Youbin;Cina;Sì
Daniel Loeb;Stati Uniti;Sì
Prasert Prasarttong-Osoth;Thailandia;Sì
Ira Rennert;Stati Uniti;No
Dirk Rossmann;Germania;Sì
Arkady Rotenberg;Russia;No
Remo Ruffini;Italia;Sì
Vivek Chaand Sehgal;India;Sì
Scott Shleifer;Stati Uniti;Sì
Thomas Siebel;Stati Uniti;Sì
Xiao Yongming;Cina;Sì
Michael Xie;Cina;Sì
Yang Shaopeng;Cina;Sì
William Ackman;Stati Uniti;Sì
Somphote Ahunai;Thailandia;Sì
Igor Altushkin;Russia;Sì
Ramon Ang;Filippine;Sì
Acharya Balkrishna;India;Sì
Richard Branson;Regno Unito;Sì
Laurence Graff;Regno Unito;Sì
Amos Hostetter, Jr.;Stati Uniti;Sì
Steven Klinsky;Stati Uniti;Sì
Hiroshi Mikitani;Giappone;Sì
Bob Parsons;Stati Uniti;Sì
J. Joe Ricketts;Stati Uniti;Sì
Herb Simon;Stati Uniti;Sì
Wu Guanjiang;Cina;Sì
Yi Zheng;Cina;Sì
Eric Yuan;Cina;Sì
Charles Zegar;Stati Uniti;Sì
Mohed Altrad;Francia;Sì
John Arnold;Stati Uniti;Sì
Bill Austin;Stati Uniti;Sì
Chen Shibin;Cina;Sì
Walter Faria;Brasile;Sì
Fu Liquan;Cina;Sì
Peter Gilgan;Canada;Sì
Pablo Legorreta;Messico;Sì
Arnon Milchan;Israele;Sì
Akio Nitori;Giappone;Sì
Julio Ponce Lerou;Cile;Sì
Rodger Riney;Stati Uniti;Sì
Phil Ruffin;Stati Uniti;Sì
Neil Shen;Cina;Sì
Gil Shwed;Israele;Sì
Stephen Smith;Canada;Sì
Nik Storonsky;Russia;Sì
Jeffrey Talpins;Stati Uniti;Sì
Carl Thoma;Stati Uniti;Sì
Xue Hua;Cina;Sì
Takao Yasuda;Giappone;Sì
Giuliana Benetton;Italia;No
Luciano Benetton;Italia;No
Ron Burkle;Stati Uniti;Sì
Chen Kaixuan;Cina;Sì
Brunello Cucinelli;Italia;Sì
Antonio Del Valle Ruiz;Messico;Sì
Gustavo Denegri & famiglia;Italia;Sì
Dong Jinggui;Cina;Sì
Charles Ergen;Stati Uniti;Sì
David Filo;Stati Uniti;Sì
Lindsay Fox;Australia;Sì
Sergei Galitsky;Russia;Sì
Senapathy Gopalakrishnan;India;Sì
Luciano Hang;Brasile;Sì
Michael Hintze;Australia;Sì
Hu Baifan;Cina;Sì
Hamilton James & famiglia;Stati Uniti;No
Li Liangbin;Cina;Sì
Liang Feng;Cina;Sì
Aristotelis Mistakidis;Grecia;Sì
Roger Penske;Stati Uniti;Sì
Ravi Pillai;India;Sì
David Rubenstein;Stati Uniti;Sì
Hilton Schlosberg;Regno Unito;Sì
Klaus-Peter Schulenberg;Germania;Sì
Shen Guojun;Cina;Sì
Roman Trotsenko;Russia;Sì
Vincent Viola;Stati Uniti;Sì
Wu Shaoxun;Cina;Sì
Steve Wynn;Stati Uniti;Sì
Jon Yarbrough;Stati Uniti;Sì
Zhou Bajin;Cina;Sì
Cho Tak Wong;Hong Kong;Sì
John Coates;Australia;Sì
Ryan Cohen;Canada;Sì
Deng Wen;Cina;Sì
Gurbachan Singh Dhingra;India;Sì
Kuldip Singh Dhingra;India;Sì
Martin Ebner;Svizzera;Sì
Charles Edelstenne;Francia;Sì
Sergei Gordeev;Russia;Sì
Jeff T. Green;Stati Uniti;Sì
Reed Hastings;Stati Uniti;Sì
Bertil Hult;Svezia;Sì
Miguel Krigsner;Brasile;Sì
Sheldon Lavin;Stati Uniti;Sì
Yin Yee Lee;Cina;Sì
Vladimir Litvinenko;Russia;No
Daniel Mate;Spagna;No
Ravi Modi;India;Sì
Farhad Moshiri;Iran;Sì
Jonathan Nelson;Stati Uniti;Sì
Or Wai Sheun;Hong Kong;Sì
Sergei Popov;Russia;No
Renzo Rosso & famiglia;Italia;Sì
Rita Tong Liu;Hong Kong;Sì
Timur Turlov;Kazakistan;Sì
Frank VanderSloot;Stati Uniti;Sì
Yoo Jung-hyun;Corea del Sud;Sì
George Bishop;Stati Uniti;Sì
Norman Braman;Stati Uniti;Sì
Cai Dongchen;Cina;Sì
Todd Christopher;Stati Uniti;Sì
Mang Yee Chu & famiglia;Hong Kong;Sì
William Conway, Jr.;Stati Uniti;Sì
Jean Coutu;Canada;No
Stephen Deckoff;Stati Uniti;Sì
Feng Hailiang;Cina;Sì
Ernest Garcia, II.;Stati Uniti;Sì
Sam Goi;Singapore;Sì
Hui Ka Yan;Cina;No
Friedrich Knapp;Germania;No
Egor Kulkov;Russia;Sì
Lin Ming-hsiung;Taiwan;Sì
Lin Xiucheng;Cina;Sì
Gilles Martin;Francia;Sì
John Paulson;Stati Uniti;Sì
Guanghe Qiu;Cina;Sì
Erik Selin;Svezia;Sì
Yonghong Shi;Cina;Sì
Martua Sitorus;Indonesia;Sì
Guangxin Sun;Cina;Sì
Sukanto Tanoto;Indonesia;Sì
Gang Ye;Singapore;Sì
Ye Xiaoping;Cina;Sì
Lei Zhang;Cina;Sì
Zhu Gongshan;Cina;Sì
Isak Andic;Spagna;Sì
Cao Longxiang;Cina;Sì
Roy Carroll, II.;Stati Uniti;Sì
John Caudwell;Regno Unito;Sì
James Clark;Stati Uniti;Sì
Jacques D'Amours;Canada;No
John Paul DeJoria;Stati Uniti;Sì
Bernard Ecclestone;Regno Unito;Sì
Michael Federmann;Germania;No
Gu Yuhua;Cina;Sì
Donald Horton;Stati Uniti;Sì
Zarakh Iliev;Russia;Sì
Li Jianquan;Cina;Sì
Li Li;Cina;Sì
Li Xiaohua;Cina;Sì
Liu Xiaodong;Cina;Sì
Martin Lorentzon;Svezia;Sì
Erwin Franz Mueller;Germania;No
Georg Nemetschek;Germania;Sì
God Nisanov;Russia;No
Gregorio Perez Companc;Argentina;No
Sebastian Piñera;Cile;No
Alexey Repik;Russia;Sì
Haim Saban;Israele;Sì
Rodney Sacks;Sudafrica;Sì
Karthik Sarma;India;Sì
Daniel Sundheim;Stati Uniti;Sì
Zhang Wenzhong;Cina;Sì
Zhou Jianping;Cina;Sì
Kang An;Cina;Sì
Garrett Camp;Canada;Sì
Chen Lip Keong;Malesia;Sì
Choo Chong Ngen;Singapore;Sì
Du Jiangtao;Cina;Sì
Li Weiguo;Cina;Sì
Dmitry Mazepin;Russia;No
Najib Mikati;Libano;Sì
Taha Mikati;Libano;Sì
Nandan Nilekani;India;Sì
Sean Parker;Stati Uniti;Sì
Su Hua;Cina;Sì
Sun Shoukuan;Cina;Sì
Meg Whitman;Stati Uniti;Sì
Wong Luen Hei;Hong Kong;Sì
Chenghai Ye;Cina;Sì
Zhu Xingming;Cina;Sì
Suhail Bahwan;Oman;Sì
Harindarpal Banga;India;Sì
Andrei Bokarev;Russia;No
Jack Cowin;Canada;Sì
Glenn Dubin;Stati Uniti;Sì
N. Murray Edwards;Canada;Sì
Bruce Flatt;Canada;Sì
Robert Friedland;Stati Uniti;Sì
Alexander Frolov;Russia;Sì
Nithin Kamath;India;Sì
Samvel Karapetyan;Russia;Sì
Kei Hoi Pang;Hong Kong;Sì
Yuri Kovalchuk;Russia;No
Hans Langer;Germania;Sì
Maritsa Lazari;Regno Unito;Sì
Li Zhongchu;Cina;Sì
Liang Yunchao;Cina;Sì
Vincent McMahon;Stati Uniti;Sì
Patrice Motsepe;Sudafrica;Sì
Denis O'Brien;Irlanda;Sì
Pan Dong;Cina;Sì
Karsanbhai Patel;India;Sì
Richard Peery;Stati Uniti;Sì
Wayne Rothbaum;Stati Uniti;Sì
Jeff Rothschild;Stati Uniti;Sì
Raj Sardana;India;Sì
Alexander Skorobogatko;Russia;No
Evan Spiegel;Stati Uniti;Sì
Glen Taylor;Stati Uniti;Sì
Thomas Tull;Stati Uniti;Sì
Bulat Utemuratov;Kazakistan;Sì
Wong Man Li;Hong Kong;Sì
Guangming Wu;Cina;Sì
Zhu Yi;Cina;Sì
Ben Ashkenazy;Israele;Sì
Felix Baker;Stati Uniti;Sì
Julian Baker;Stati Uniti;Sì
David Baszucki;Stati Uniti;Sì
Cen Junda;Cina;Sì
Chen Zhiping;Cina;Sì
Fernando Chico Pardo;Messico;Sì
Ray Davis;Stati Uniti;Sì
Deng Weiming;Cina;Sì
Stewart Horejsi;Stati Uniti;Sì
Hou Juncheng;Cina;Sì
Zhenda Huang;Cina;Sì
Dmitry Kamenshchik;Russia;No
Henry Laufer;Stati Uniti;Sì
Louis Le Duff;Francia;Sì
Mark Leonard;Regno Unito;Sì
Li Guoqiang;Cina;Sì
Li Yongxin;Cina;Sì
Peter Lim;Singapore;Sì
Sergio Mantegazza;Svizzera;No
Hans Melchers;Paesi Bassi;Sì
C. Dean Metropoulos;Stati Uniti;Sì
Falguni Nayar;India;Sì
Alexander Ponomarenko;Russia;Sì
Steven Sarowitz;Stati Uniti;Sì
Leonard Schleifer;Stati Uniti;Sì
Michael S. Smith;Stati Uniti;Sì
Zhao Lixin;Cina;Sì
Hongyi Zhou;Cina;Sì
S. Daniel Abraham;Stati Uniti;Sì
Thor Bjorgolfsson;Islanda;Sì
Herb Chambers;Stati Uniti;Sì
Cheng Yixiao;Cina;Sì
Andrew Cherng;Cina;Sì
Peggy Cherng;Cina;Sì
Leon G. Cooperman;Stati Uniti;Sì
Oleg Deripaska;Russia;No
Sergey Dmitriev;Russia;Sì
Joseph Edelman;Stati Uniti;Sì
Sandeep Engineer;India;Sì
Alceu Elias Feldmann;Brasile;Sì
Serge Godin;Canada;Sì
Alec Gores;Stati Uniti;Sì
J. Tomilson Hill;Stati Uniti;Sì
Jay-Z;Stati Uniti;Sì
Brad Kelley;Stati Uniti;Sì
Wolfgang Leitner;Austria;Sì
Li Hongxin;Cina;Sì
Lin Chen-hai;Cina;Sì
Lu Yiwen;Cina;Sì
Willy Michel;Svizzera;Sì
Bobby Murphy;Stati Uniti;Sì
Tomas Olivo Lopez;Spagna;Sì
Eren Ozmen;Turchia;Sì
Qiu Minxiu;Cina;Sì
Wenrong Shen;Cina;Sì
Yuzhu Shi;Cina;Sì
Jeff Sutton;Stati Uniti;Sì
Andrew Tan;Malesia;Sì
Arvind Tiku;India;Sì
Byron Trott;Stati Uniti;Sì
Peter Unger;Stati Uniti;Sì
Roger Wang;Stati Uniti;Sì
Oprah Winfrey;Stati Uniti;Sì
Wu Zhigang;Cina;Sì
Xie Weitong;Cina;Sì
Ye Guofu;Cina;Sì
Brian Acton;Stati Uniti;Sì
Koos Bekker;Sudafrica;Sì
Chen Tei-fu;Taiwan;Sì
Marcel Erni;Svizzera;Sì
Doris Fisher;Stati Uniti;No
Gerald Ford;Stati Uniti;No
Bernard Fraisse;Francia;Sì
Alfred Gantner;Svizzera;Sì
Paul Gauselmann;Germania;Sì
Mitchell Goldhar;Canada;Sì
Peter Hargreaves;Regno Unito;Sì
Xuande Hua;Cina;Sì
Kalanithi Maran;India;Sì
Jed McCaleb;Stati Uniti;Sì
Fatih Ozmen;Turchia;Sì
Pan Laican;Cina;Sì
Tor Peterson;Stati Uniti;Sì
Jinxing Qi;Cina;Sì
Qiu Jianping;Cina;Sì
Matthias Reinhart;Svizzera;Sì
Arnout Schuijff;Paesi Bassi;Sì
Lucio Tan;Filippine;Sì
Tsai Ming-kai;Taiwan;Sì
David Walentas;Stati Uniti;Sì
Urs Wietlisbach;Svizzera;Sì
Jerry Yang;Taiwan;Sì
Yang Jianliang;Cina;Sì
Yang Weidong;Cina;Sì
Mortimer Zuckerman;Canada;Sì
John Armitage;Regno Unito;Sì
John Bicket;Stati Uniti;Sì
Sanjit Biswas;Stati Uniti;Sì
Timothy Boyle;Stati Uniti;Sì
Morris Chang;Taiwan;Sì
Chao Teng-hsiung;Taiwan;Sì
Samuel Chen;Taiwan;Sì
Chu Lam Yiu;Hong Kong;Sì
K. Dinesh;India;Sì
James Duff;Stati Uniti;Sì
Thomas Duff;Stati Uniti;Sì
Daniel Ek;Svezia;Sì
Erman Ilicak;Turchia;Sì
Long Jiang;Cina;Sì
Bruce Karsh;Stati Uniti;Sì
Bom Kim;Corea del Sud;Sì
Jianping Lai;Cina;Sì
Lam Kong;Cina;Sì
Stephen Lansdown;Regno Unito;Sì
Li Haiyan;Cina;Sì
Hua Li;Cina;Sì
Clayton Mathile;Stati Uniti;Sì
Mi Enhua;Cina;Sì
Vadim Moshkovich;Russia;Sì
David Murdock;Stati Uniti;Sì
David Nahmad;Israele;Sì
Lirio Parisotto;Brasile;Sì
Tang Yiu;Hong Kong;Sì
Tian Ming;Cina;Sì
Jayshree Ullal;India;Sì
Lang Walker;Australia;Sì
Xicheng Wang;Cina;Sì
Wang Zhenhua;Cina;Sì
Paul-Heinz Wesjohann;Germania;Sì
Xie Bingkun;Cina;Sì
Xu Shugen;Cina;Sì
Zhang Jingzhang;Cina;Sì
George Argyros;Stati Uniti;Sì
Brian Armstrong;Stati Uniti;Sì
Albert Avdolyan;Russia;Sì
Sezai Bacaksiz;Turchia;Sì
Aneel Bhusri;Stati Uniti;Sì
Brett Blundy;Australia;Sì
Chen Xueli;Cina;Sì
Dermot Desmond;Irlanda;Sì
Dong Wei;Cina;Sì
Tom Ford;Stati Uniti;Sì
Fu Guangming;Cina;Sì
Noam Gottesman;Regno Unito;Sì
Jeffrey Gundlach;Stati Uniti;Sì
Hao Hong;Cina;Sì
Hans-Werner Hector;Germania;Sì
Lutz Mario Helmig;Germania;Sì
Chulong Huang;Cina;Sì
James Jannard;Stati Uniti;Sì
Willis Johnson;Stati Uniti;Sì
Lai Shixian;Cina;Sì
Chris Larsen;Stati Uniti;Sì
Solomon Lew;Australia;Sì
Liang Xinjun;Cina;Sì
Max Lytvyn;Ucraina;Sì
Igor Makarov;Russia;Sì
Howard Marks;Stati Uniti;Sì
Charles Munger;Stati Uniti;No
Adam Neumann;Israele;Sì
Thi Phuong Thao Nguyen;Vietnam;Sì
Ni Yongpei;Cina;Sì
Qi Xiangdong;Cina;Sì
Phillip T. (Terry) Ragon;Stati Uniti;Sì
Prathap Reddy;India;Sì
Jerry Reinsdorf;Stati Uniti;Sì
Chad Richison;Stati Uniti;Sì
Karl Scheufele, III.;Svizzera;No
Alice Schwartz;Stati Uniti;Sì
Alex Shevchenko;Ucraina;Sì
Kavitark Ram Shriram;India;Sì
William Stone;Stati Uniti;Sì
Henry Swieca;Stati Uniti;Sì
Katsumi Tada;Giappone;Sì
Tang Jinkui;Cina;Sì
Tang Xiao'ou;Cina;Sì
Wang Wenmo;Cina;Sì
Wang Zhenghua;Cina;Sì
Kai Wu;Cina;Sì
Xu Yingzhuo;Cina;Sì
Yeung Kin-man;Hong Kong;Sì
Huijiao Yu;Cina;Sì
Oren Zeev;Israele;Sì
Zhao Fenggang;Cina;Sì
Alex Beard;Regno Unito;Sì
Travis Boersma;Stati Uniti;Sì
William Boyd;Stati Uniti;Sì
Cao Ji;Cina;Sì
Bruce Cheng;Taiwan;Sì
Daniel Chiu;Cina;Sì
Beda Diethelm;Svizzera;Sì
Domenico Dolce;Italia;Sì
Ralph Dommermuth;Germania;Sì
Georgi Domuschiev;Bulgaria;Sì
Kiril Domuschiev;Bulgaria;Sì
Bob Ell;Australia;Sì
Paul Foster;Stati Uniti;Sì
Stefano Gabbana;Italia;Sì
Xingjiang Gao;Cina;Sì
Kamal Ghaffarian;Iran;Sì
Dennis Gillings;Regno Unito;Sì
Stein Erik Hagen;Norvegia;Sì
Huang Min;Cina;Sì
Jared Isaacman;Stati Uniti;Sì
Eugene Kaspersky;Russia;Sì
Artem Khachatryan;Armenia;Sì
Andrei Krivenko;Russia;Sì
Lam Wai-ying;Hong Kong;Sì
Marc Lasry;Marocco;Sì
Christian Latouche;Francia;Sì
Theodore Leonsis;Stati Uniti;Sì
Liu Chengyu;Cina;Sì
Sergey Lomakin;Russia;Sì
Daniel Lubetzky;Messico;Sì
Melissa Ma;Cina;Sì
Kiran Mazumdar-Shaw;India;Sì
Mu Rongjun;Cina;Sì
Eugene Murtagh;Irlanda;Sì
Alexander Nesis;Russia;Sì
Zugen Ni;Cina;Sì
Florentino Perez;Spagna;No
Victor Pinchuk;Ucraina;Sì
Leonid Radvinsky;Ucraina;Sì
Raveendran Byju;India;Sì
P.P. Reddy;India;Sì
Richard Saghian;Stati Uniti;Sì
Shi Yifeng;Cina;Sì
Thaksin Shinawatra;Thailandia;Sì
Shu Ping;Cina;Sì
Timothy Springer;Stati Uniti;Sì
Edward Stack;Stati Uniti;Sì
Sun Mengquan;Cina;Sì
Alexander Svetakov;Russia;Sì
Torsten Toeller;Germania;Sì
Hamdi Ulukaya;Turchia;Sì
Wang Linpeng;Cina;Sì
Wei Ing-Chou;Taiwan;Sì
Wei Yin-Chun;Taiwan;Sì
Wei Yin-Heng;Taiwan;Sì
Wei Ying-Chiao;Taiwan;Sì
Elaine Wynn;Stati Uniti;No
Xu Xudong;Cina;Sì
Michael Ying;Hong Kong;Sì
Yu Qibing;Cina;Sì
Yuan Fugen;Cina;Sì
Zhang Ning;Cina;Sì
Mohamed Al Fayed;Egitto;Sì
Andrey Andreev;Russia;Sì
Michael Ashcroft;Regno Unito;Sì
Pavel Baudis;Repubblica Ceca;Sì
Wilhelm Beier;Germania;No
Cao Jianwei;Cina;Sì
Huwen Chen;Cina;Sì
Dou Zhenggang;Cina;Sì
William Franke;Stati Uniti;Sì
Hu Yangzhong;Cina;Sì
Huang Dawen;Cina;Sì
Huang Qiaoling;Cina;Sì
Rajiv Jain;India;Sì
Michael Jordan;Stati Uniti;Sì
Shlomo Kramer;Israele;Sì
Heikki Kyostila;Finlandia;Sì
Martin Lau;Hong Kong;Sì
Li Min;Cina;Sì
Liang Rubo;Cina;Sì
Lin Fanlian;Cina;Sì
Bill Malhotra;Canada;Sì
Alexander Mamut;Russia;Sì
Cunhui Nan;Cina;Sì
Tengyun Nie;Cina;Sì
Clive Palmer;Australia;Sì
Matthew Prince;Stati Uniti;Sì
P.V. Krishna Reddy;India;Sì
T. Denny Sanford;Stati Uniti;Sì
Bhadresh Shah;India;Sì
Zygmunt Solorz-Zak;Polonia;Sì
Otto Toto Sugiri;Indonesia;Sì
Larry Tanenbaum;Canada;Sì
Wichai Thongtang;Thailandia;Sì
Ion Tiriac;Romania;Sì
William Young;Stati Uniti;Sì
Ales Zavoral;Repubblica Ceca;Sì
Zhang Fan;Cina;Sì
Shilong Zhang;Cina;Sì
Zhang Wanzhen;Cina;Sì
Hongfei Zhao;Cina;Sì
Zhou Jian;Cina;Sì
Zhu Yiwen;Cina;Sì
Mika Anttonen;Finlandia;Sì
David Blitzer;Stati Uniti;Sì
Julio Bozano;Brasile;Sì
Nikolai Buinov;Russia;Sì
Jianxing Che;Cina;Sì
Huxiong Chen;Cina;Sì
Chen Qiongxiang;Cina;Sì
Chen Zhisong;Cina;Sì
James Dinan;Stati Uniti;Sì
Dong Fan;Cina;Sì
Eduardo Eurnekian;Argentina;Sì
Guo Zhenyu;Cina;Sì
Roberto Hernandez Ramirez;Messico;Sì
Reid Hoffman;Stati Uniti;Sì
Hu Rongda;Cina;Sì
Hui Wing Mau;Hong Kong;Sì
Scott Kapnick;Stati Uniti;Sì
Richard Kayne;Stati Uniti;Sì
Edward Lampert;Stati Uniti;Sì
David Lichtenstein;Stati Uniti;Sì
Lin Dingqiang;Cina;Sì
Strive Masiyiwa;Zimbabwe;Sì
Robert Miller;Canada;Sì
Simon Nixon;Regno Unito;Sì
Kentaro Ogawa;Giappone;Sì
G. Rajendran;India;Sì
Ren Jianhua;Cina;Sì
Larry Robbins;Stati Uniti;Sì
Dwight Schar;Stati Uniti;Sì
Shao Jianxiong;Cina;Sì
Qinxiang Shao;Cina;Sì
Hua Shen;Cina;Sì
Shi Wen-long;Taiwan;Sì
Peter Sondakh;Indonesia;Sì
Masateru Uno;Giappone;Sì
Vardis Vardinoyannis;Grecia;No
Wang Chaobin;Cina;Sì
Wang Ren-sheng;Cina;Sì
Chuanhua Xu;Cina;Sì
Gavril Yushvaev;Russia;Sì
Zhang Hongwei;Cina;Sì
Cameron Adams;Australia;Sì
Faisal Bin Qassim Al Thani;Qatar;Sì
Leslie Alexander;Stati Uniti;Sì
Masaaki Arai;Giappone;Sì
Sanjeev Bikhchandani;India;Sì
O. Francis Biondi;Stati Uniti;Sì
R.G. Chandramogan;India;Sì
Parker Conrad;Stati Uniti;Sì
Tim Cook;Stati Uniti;Sì
Mark Coombs;Regno Unito;Sì
John de Mol;Paesi Bassi;No
Diao Zhizhong;Cina;Sì
Robert Duggan;Stati Uniti;Sì
Phillip Frost;Stati Uniti;Sì
Brian Higgins;Stati Uniti;Sì
Wei Huang;Cina;Sì
Yintai Jiang;Cina;Sì
Lei Jin;Cina;Sì
Jin Lei;Cina;Sì
Valentin Kipyatkov;Russia;Sì
George Kurtz;Stati Uniti;Sì
Joe Lacob;Stati Uniti;Sì
Joe Lau;Hong Kong;Sì
Luo Yangyong;Cina;Sì
Gary Michelson;Stati Uniti;Sì
Robert G. Miller;Stati Uniti;No
David Mindus;Svezia;Sì
Adriaan Mol;Paesi Bassi;Sì
Mofatraj Munot;India;Sì
Satyanarayan Nuwal;India;Sì
Nihat Ozdemir;Turchia;Sì
Benjamin Zhengmin Pan;Cina;Sì
Ronald Perelman;Stati Uniti;No
Olivier Pomel;Francia;Sì
Vinod Saraf;India;Sì
Anatoly Sedykh;Russia;Sì
Genhuo Shao;Cina;Sì
Shen Xiqiang;Cina;Sì
S.D. Shibulal;India;Sì
Bambang Sutantio;Indonesia;Sì
Sze Man Bok;Hong Kong;Sì
Jim Thompson;Stati Uniti;Sì
Tran Dinh Long;Vietnam;Sì
Alan Trefler;Stati Uniti;Sì
Riaz Valani;Stati Uniti;Sì
Pieter van der Does;Paesi Bassi;Sì
Nikil Viswanathan;Stati Uniti;Sì
Todd Wagner;Stati Uniti;Sì
Evan Williams;Stati Uniti;Sì
Wu Yingming;Cina;Sì
Yan Zhi;Cina;Sì
Yoshiaki Yoshida;Giappone;Sì
Zhang Li;Cina;Sì
Marc Andreessen;Stati Uniti;Sì
Giovanni Arvedi;Italia;Sì
Bang Si-hyuk;Corea del Sud;Sì
David Booth;Stati Uniti;Sì
Jim Breyer;Stati Uniti;Sì
Chen Kaichen;Cina;Sì
Carl DeSantis;Stati Uniti;Sì
Marek Dospiva;Repubblica Ceca;Sì
Keith Dunleavy;Stati Uniti;Sì
Yasuhiro Fukushima;Giappone;Sì
Mario Gabelli;Stati Uniti;Sì
John Goff;Stati Uniti;Sì
Alexandre Grendene Bartelle;Brasile;Sì
Gerry Harvey;Australia;Sì
He Zhaoxi;Cina;Sì
William Heinecke;Stati Uniti;Sì
Jay Hennick;Canada;Sì
Hal Jackman;Canada;No
Keeree Kanjanapas;Thailandia;Sì
Osman Kibar;Turchia;Sì
Kim Chang-soo;Corea del Sud;Sì
Mustafa Kucuk;Turchia;Sì
Lai Jianfa;Cina;Sì
Alexis Lê-Quôc;Francia;Sì
Lei Jufang;Cina;Sì
James Leininger;Stati Uniti;Sì
Xuhui Li;Cina;Sì
Jimmy John Liautaud;Stati Uniti;Sì
Lin Lairong;Cina;Sì
Lu Di;Cina;Sì
Palmer Luckey;Stati Uniti;Sì
Duncan MacMillan;Stati Uniti;Sì
Yusaku Maezawa;Giappone;Sì
Ilson Mateus;Brasile;Sì
Meng Qingshan;Cina;Sì
Alberto Palatchi;Spagna;No
Dragos Paval;Romania;Sì
Jorge Perez;Stati Uniti;Sì
Dmitry Pumpyansky;Russia;Sì
Jinsheng Ren;Cina;Sì
Ruan Shuilong;Cina;Sì
Paul Saville;Stati Uniti;Sì
Ivan Savvidis;Grecia;Sì
Keiichi Shibahara;Giappone;Sì
Rajju Shroff;India;Sì
Sun Huaiqing;Cina;Sì
Alain Taravella;Francia;Sì
Kenneth Tuchman;Stati Uniti;Sì
Wang Chou-hsiong;Taiwan;Sì
Wang Minwen;Cina;Sì
Tom Werner;Stati Uniti;Sì
Stephen Winn;Stati Uniti;Sì
Wu Lanlan;Cina;Sì
Xu Bingzhong;Cina;Sì
Yang Xuegang;Cina;Sì
Vladimir Yevtushenkov;Russia;No
David Zalik;Israele;Sì
Zhang Xiaojuan;Cina;Sì
Zheng Xiaodong;Cina;Sì
Zhong Ruonong;Cina;Sì
Noubar Afeyan;Libano;Sì
Syed Mokhtar AlBukhary;Malesia;Sì
Vasily Anisimov;Russia;Sì
Clifford Asness;Stati Uniti;Sì
Louis Bacon;Stati Uniti;Sì
Bai Baokun;Cina;Sì
Josef Boquoi;Germania;No
Cai Huabo;Cina;Sì
Chen Tianshi;Cina;Sì
Chen Yung-tai;Taiwan;Sì
Ivan Chrenko;Slovacchia;Sì
Robert Clark;Stati Uniti;Sì
Jack Cockwell;Sudafrica;Sì
Tench Coxe;Stati Uniti;Sì
Jim Crane;Stati Uniti;Sì
Norbert Dentressangle;Francia;No
Jamie Dimon;Stati Uniti;No
Daniel Dines;Romania;Sì
Gary Fegel;Svizzera;Sì
William Foley, II.;Stati Uniti;Sì
Richard Fortin;Canada;No
Gao Yi;Cina;Sì
Bill Gross;Stati Uniti;Sì
Irving Grousbeck;Stati Uniti;Sì
David Hoffmann;Stati Uniti;Sì
Hui Lin Chit;Hong Kong;Sì
Tianjiang Jia;Cina;Sì
Zhaobai Jiang;Cina;Sì
Sergei Katsiev;Russia;Sì
Kim Jae-young;Corea del Sud;Sì
Randal J. Kirk;Stati Uniti;Sì
Pyotr Kondrashev;Russia;Sì
Eiichi Kuriwada;Giappone;Sì
Robert Langer;Stati Uniti;Sì
Anthony Langley;Regno Unito;Sì
Li Sze Lim;Hong Kong;Sì
Li Wa;Cina;Sì
Li Weiwei;Cina;Sì
Liang Qin;Cina;Sì
Terence (Terry) Matthews;Canada;Sì
Jim McKelvey;Stati Uniti;Sì
P.N.C. Menon;India;Sì
Stefan Pierer;Austria;Sì
Michael Polsky;Stati Uniti;Sì
Sathien Sathientham;Thailandia;Sì
Shang Xiaobo;Cina;Sì
Yuri Shefler;Russia;Sì
Evgeny (Eugene) Shvidler;Russia;Sì
Ryan Smith;Stati Uniti;Sì
Zakhar Smushkin;Russia;Sì
Michael Tojner;Austria;Sì
August Troendle;Stati Uniti;Sì
Sekar Vembu;India;Sì
Chris Wallin;Australia;Sì
Wang Changtian;Cina;Sì
Ning Wang;Cina;Sì
Scott Watterson;Stati Uniti;Sì
Dan Wilks;Stati Uniti;Sì
Anthony Wood;Stati Uniti;Sì
Wu Ying;Cina;Sì
Wu Yulan;Cina;Sì
Zhongyi Wu;Cina;Sì
Xiang Guangming;Cina;Sì
Xue Xiangdong;Cina;Sì
George Yancopoulos;Stati Uniti;Sì
Steven Meng Yang;Cina;Sì
Ye Fan;Cina;Sì
Yi Dasheng;Cina;Sì
Yu Lili;Cina;Sì
Zeng Kaitian;Cina;Sì
Zhang Xuexin;Cina;Sì
Yubai Zhang;Cina;Sì
Fredrik Österberg;Svezia;Sì
Hamdi Akin;Turchia;Sì
Nerio Alessandri;Italia;Sì
Mori Arkin;Israele;Sì
Zadik Bino;Israele;Sì
Ahmet Calik;Turchia;Sì
Safra Catz;Israele;Sì
Chu Jian;Cina;Sì
Sandor Csanyi;Ungheria;Sì
Bharat Desai;India;Sì
Egon Durban;Stati Uniti;Sì
Fu Mingkang;Cina;Sì
Alan Gerry;Stati Uniti;Sì
Philippe Ginestet;Francia;Sì
G. Gnanalingam;Malesia;Sì
Wei Gu;Cina;Sì
Patrick Hanrahan;Stati Uniti;Sì
Kenneth Hao;Stati Uniti;Sì
Jaroslav Hascak;Slovacchia;Sì
He Zhenggang;Cina;Sì
Niranjan Hiranandani;India;Sì
Ho Hung Anh;Vietnam;Sì
Archie Hwang;Taiwan;Sì
Peter Jackson;Regno Unito;Sì
Stephen Jarislowsky;Germania;Sì
Rajeev Juneja;India;Sì
Ramesh Juneja;India;Sì
Ke Xiping;Cina;Sì
Kim Jun-ki;Corea del Sud;Sì
Sidney Kimmel;Stati Uniti;Sì
Jim Koch;Stati Uniti;Sì
Raj Kumar;India;Sì
Li Jianli;Cina;Sì
Li Jiaquan;Cina;Sì
Li Rucheng;Cina;Sì
Li Shui-po;Cina;Sì
Scott Lin;Taiwan;Sì
Liu Xiucai;Cina;Sì
Lu Zhongfang;Cina;Sì
Lu Zongjun;Cina;Sì
Youssef Mansour;Egitto;No
Bruce Mathieson;Australia;Sì
Romano Minozzi;Italia;Sì
Greg Mondre;Stati Uniti;Sì
Mario Moretti Polegato;Italia;Sì
Jerry Moyes;Stati Uniti;Sì
John Ocampo;Filippine;Sì
Nelson Peltz;Stati Uniti;Sì
Mike Repole;Stati Uniti;Sì
Christopher Rokos;Regno Unito;Sì
John Ruiz;Stati Uniti;Sì
Sheryl Sandberg;Stati Uniti;Sì
Amnon Shashua;Israele;Sì
Ben Silbermann;Stati Uniti;Sì
Ron Sim;Singapore;Sì
Leonid Simanovsky;Russia;No
Basudeo Singh;India;Sì
Frank Slootman;Paesi Bassi;Sì
Terry Snow;Stati Uniti;Sì
Axel Stawski;Germania;No
Thomas Steyer;Stati Uniti;Sì
Sergei Studennikov;Russia;Sì
Su Suyu;Cina;Sì
Kevin Systrom;Stati Uniti;Sì
Tan Lili;Cina;Sì
Tang Binsen;Cina;Sì
Tang Rui;Cina;Sì
Prachak Tangkaravakoon;Thailandia;Sì
Jeff Tangney;Stati Uniti;Sì
Yuequn Tao;Cina;Sì
David Teoh;Australia;Sì
Tran Ba Duong;Vietnam;Sì
Kenny Troutt;Stati Uniti;Sì
Jens von Bahr;Svezia;Sì
Wang Junmin;Cina;Sì
Weng Xianding;Cina;Sì
Farris Wilks;Stati Uniti;Sì
Gordon Wu;Hong Kong;Sì
Xiong Wu;Cina;Sì
Xu Zhenhua;Cina;Sì
Xu Zhihan;Cina;Sì
Tingdong Yang;Cina;Sì
Michael Minhong Yu;Cina;Sì
Justin Yuan;Cina;Sì
Zhang Bangxin;Cina;Sì
Zhang Hong;Cina;Sì
Zhou Zongwen;Cina;Sì
Alberto Alcocer;Spagna;No
Nigel Austin;Australia;Sì
Binny Bansal;India;Sì
Girdhari Lal Bawri;India;Sì
John Bloor;Regno Unito;Sì
Vladimir Bogdanov;Russia;No
Cai Jianyong;Cina;Sì
Steve Case;Stati Uniti;Sì
Chen Wenyuan;Cina;Sì
Chua Thian Poh;Singapore;Sì
Sasson Dayan;Israele;Sì
Chris Ellison;Australia;Sì
John Farber;Stati Uniti;Sì
J. Christopher Flowers;Stati Uniti;Sì
Reinold Geiger;Austria;Sì
Ali Ghodsi;Iran;Sì
Guan Yihong;Cina;Sì
Rajinder Gupta;India;Sì
Torstein Hagen;Norvegia;Sì
Alfredo Harp Helu;Messico;Sì
He Xiaopeng;Cina;Sì
Drew Houston;Stati Uniti;Sì
Huang Jinxiang;Cina;Sì
Rameshchandra Jain;India;Sì
Ke Zunhong;Cina;Sì
Kim Taek-jin;Corea del Sud;Sì
Koh Wee Meng;Singapore;Sì
Sergei Kolesnikov;Russia;Sì
Michael Lee-Chin;Canada;Sì
Bernard Lewis;Stati Uniti;No
William Li;Cina;Sì
Liu Fangyi;Cina;Sì
K.C. Liu;Taiwan;Sì
Liu Ming Chung;Hong Kong;Sì
Anatoly Lomakin;Russia;Sì
Lucia Maggi;Brasile;No
Mao Lixiang;Cina;Sì
David McMurtry;Regno Unito;Sì
Miao Shouliang;Cina;Sì
Miao Yongjun;Cina;Sì
Marius Nacht;Israele;Sì
Vadim Novinsky;Russia;No
Pan Longquan;Cina;Sì
Pan Shiyi;Cina;Sì
David Paul;Stati Uniti;Sì
Qian Jinghong;Cina;Sì
Qin Long;Cina;Sì
M. Satyanarayana Reddy;India;Sì
Mochtar Riady;Indonesia;Sì
Rihanna;Barbados;Sì
Boris Rotenberg;Russia;No
Subhash Runwal;India;Sì
Igor Rybakov;Russia;Sì
Martin Selig;Stati Uniti;Sì
Airat Shaimiev;Russia;Sì
Radik Shaimiev;Russia;Sì
Nobutoshi Shimamura;Giappone;Sì
Jared Smith;Stati Uniti;Sì
Jianyi Wang;Cina;Sì
Wang Jilei;Cina;Sì
Shuifu Wang;Cina;Sì
Werner O. Weber;Germania;Sì
Alfred West, Jr.;Stati Uniti;Sì
Bo Wu;Cina;Sì
Wu Chaoqun;Cina;Sì
Swift Xie;Cina;Sì
Xu Guozhong;Cina;Sì
Yao Kuizhang;Cina;Sì
Yu Peidi;Cina;Sì
Zhang Chuanwei;Cina;Sì
Zhang Keqiang;Cina;Sì
Zhang Xin;Cina;Sì
Xinghai Zhang;Cina;Sì
Zheng Jianjiang;Cina;Sì
Zhong Sheng Jian;Cina;Sì
Zhou Chengjian;Cina;Sì
Boris Zingarevich;Russia;No
A. Jayson Adair;Stati Uniti;Sì
Soegiarto Adikoesoemo;Indonesia;Sì
Rajendra Agarwal;India;Sì
Anant Asavabhokhin;Thailandia;Sì
Roman Avdeev;Russia;Sì
Ziv Aviram;Israele;Sì
Sachin Bansal;India;Sì
Kiki Barki;Indonesia;Sì
Elena Baturina;Russia;No
Banwari Lal Bawri;India;Sì
Stewart Butterfield;Canada;Sì
Cai Mingtong;Cina;Sì
Anthony Casalena;Stati Uniti;Sì
Chang Jianming;Cina;Sì
Richard Chang;Taiwan;Sì
Chen Xuehua;Cina;Sì
Chen Yin;Cina;Sì
Chin Jong Hwa;Taiwan;Sì
R. Marcelo Claure;Bolivia;Sì
Alberto Cortina;Spagna;No
Eduardo Costantini;Argentina;Sì
Wenjun Dai;Cina;Sì
Anand Deshpande;India;Sì
Aydin Dogan;Turchia;Sì
Weimin Du;Cina;Sì
Timothy Dunn;Stati Uniti;Sì
Keiko Erikawa;Giappone;Sì
Yoichi Erikawa;Giappone;Sì
Philip Fayer;Canada;Sì
Marvy Finger;Stati Uniti;Sì
Joel Greenberg;Stati Uniti;Sì
He Zhiping;Cina;Sì
Hoi Kin Hong;Hong Kong;Sì
Gregg Hymowitz;Stati Uniti;Sì
Anurang Jain;India;Sì
Jiang Guiting;Cina;Sì
Jin Xin;Cina;Sì
Conni Jonsson;Svezia;Sì
George Joseph;India;Sì
Laurent Junique;Francia;Sì
Zbigniew Juroszek;Polonia;Sì
Alexander Karp;Stati Uniti;Sì
Joe Kiani;Stati Uniti;Sì
Seth Klarman;Stati Uniti;Sì
Kagemasa Kozuki;Giappone;Sì
Michael Krasny;Stati Uniti;Sì
Eduard Kucera;Repubblica Ceca;Sì
Kristo Käärmann;Estonia;Sì
Lee Hae-jin;Corea del Sud;Sì
Art Levinson;Stati Uniti;Sì
Li Denghai;Cina;Sì
Fengluan Li;Cina;Sì
Li Yongqing;Cina;Sì
Li Zhigang;Cina;Sì
Liu Gexin;Cina;Sì
Lu Hongyan;Cina;Sì
Lv Jianming;Cina;Sì
Yasseen Mansour;Egitto;No
Charlwin Mao;Cina;Sì
George Marcus;Stati Uniti;S
Yves-Loic Martin;Francia;Sì
Carsten Maschmeyer;Germania;Sì
Martin Moller Nielsen;Danimarca;Sì
Jahm Najafi;Iran;Sì
Randal Nardone;Stati Uniti;Sì
Nguyen Dang Quang;Vietnam;Sì
Kazuo Okada;Giappone;Sì
John Oyler;Stati Uniti;Sì
George Pedersen;Stati Uniti;Sì
Qu Miranda;Cina;Sì
Jupally Rameshwar Rao;India;Sì
G. M. Rao;India;Sì
P.V. Ramprasad Reddy;India;Sì
Igor Rotenberg;Russia;No
Seifeddin Rustamov;Russia;Sì
Hajime Satomi;Giappone;Sì
James Scapa;Stati Uniti;Sì
Devi Shetty;India;Sì
Albert Shigaboutdinov;Russia;Sì
Denis Shtengelov;Russia;Sì
Fei Song;Cina;Sì
Konstantin Strukov;Russia;No
Rustem Sulteev;Russia;Sì
Clemens Toennies;Germania;No
John Van Lieshout;Australia;Sì
Pongsak Viddayakorn;Thailandia;Sì
Wang Jianguo;Cina;Sì
Junjin Wang;Cina;Sì
Wang Mingwang;Cina;Sì
Wei Lidong;Cina;Sì
Myron Wentz;Stati Uniti;Sì
Wu Xiaoge;Cina;Sì
Wu Xushun;Cina;Sì
Xiong Xiaochuan;Cina;Sì
Xu Shaochun;Cina;Sì
Yan Jane;Cina;Sì
Zeng Chaoyi;Cina;Sì
Peng Zhao;Cina;Sì
Zhao Tongtong;Cina;Sì
Kostyantin Zhevago;Ucraina;Sì
Zong Yanmin;Cina;Sì
Sanjay Agarwal;India;Sì
Joao Alves de Queiroz Filho;Brasile;Sì
Michael Arougheti;Stati Uniti;Sì
Tope Awotona;Nigeria;Sì
Mehmet Aydinlar;Turchia;Sì
Bai Houshan;Cina;Sì
Thomas Bailey;Stati Uniti;Sì
Jeffrey Cheah;Malesia;Sì
Chen Xianbao;Cina;Sì
Cheng Xianfeng;Cina;Sì
Darwin Deason;Stati Uniti;Sì
Ashwin Desai;India;Sì
Richard Desmond;Regno Unito;Sì
Sefik Yilmaz Dizdar;Turchia;Sì
Farhad Ebrahimi;Iran;Sì
Fang Hongbo;Cina;Sì
Zsolt Felcsuti;Ungheria;Sì
Ben Francis;Regno Unito;Sì
Gary Friedman;Stati Uniti;Sì
Balkrishan Goenka;India;Sì
Lawrence Golub;Stati Uniti;Sì
Saroj Rani Gupta;India;Sì
Anthony Hall;Stati Uniti;Sì
Richard Hayne;Stati Uniti;Sì
Michael Heine;Australia;Sì
Orion Hindawi;Stati Uniti;Sì
Huang Guanlin;Cina;Sì
Sam Hupert;Australia;Sì
Mohammed Ibrahim;Sudan;Sì
David Kaplan;Stati Uniti;Sì
Kim Kardashian;Stati Uniti;Sì
Ke Guihua;Cina;Sì
Ke Yunfeng;Cina;Sì
Alexander Klyachin;Russia;Sì
Guy Laliberté;Canada;Sì
Lee Su-jin;Corea del Sud;Sì
Li Guoqing;Cina;Sì
Li Li;Cina;Sì
Li Ruiqiang;Cina;Sì
Zhen Li;Cina;Sì
Guangwei Liang;Cina;Sì
Liu Ming Hui;Cina;Sì
Frederic Luddy;Stati Uniti;Sì
Mao Zhongwu;Cina;Sì
Lorinc Meszaros;Ungheria;Sì
Jeffrey Michael;Stati Uniti;Sì
Alan Miller;Stati Uniti;Sì
Ulrich Mommert;Germania;No
Scott Nuttall;Stati Uniti;Sì
Jonathan Oringer;Stati Uniti;Sì
Vitaly Orlov;Russia;Sì
Jose Isaac Peres;Brasile;Sì
Markus Persson;Svezia;Sì
Mark Pincus;Stati Uniti;Sì
Forrest Preston;Stati Uniti;Sì
Qian Ying;Cina;Sì
Jimmy Rane;Stati Uniti;Sì
Andrei Rappoport;Russia;Sì
Bennett Rosenthal;Stati Uniti;Sì
Thomas Sandell;Svezia;Sì
Gerald Schwartz;Canada;Sì
Antonio Luiz Seabra;Brasile;Sì
Eric Ya Shen;Cina;Sì
Sytse 'Sid' Sijbrandij;Paesi Bassi;Sì
Abhay Soi;India;Sì
Mike Speiser;Stati Uniti;Sì
Michael Steinhardt;Stati Uniti;Sì
Ion Stoica;Romania;Sì
Eddy Sugianto;Indonesia;Sì
Luc Tack;Belgio;Sì
Tony Tan Caktiong;Filippine;Sì
Xiuguo Tang;Cina;Sì
Sam Tarascio;Australia;Sì
Ching Bor Tung;Cina;Sì
Joop van den Ende;Paesi Bassi;Sì
Ruben Vardanyan;Armenia;Sì
Sandro Veronesi;Italia;Sì
Thongma Vijitpongpun;Thailandia;Sì
Thomas von Koch;Svezia;Sì
Wang Fuji;Cina;Sì
Wang Shih-Chung;Taiwan;Sì
Wang Xiaoshen;Cina;Sì
J. Wayne Weaver;Stati Uniti;Sì
Cameron Winklevoss;Stati Uniti;Sì
Tyler Winklevoss;Stati Uniti;Sì
Wu Yonghua;Cina;Sì
Xia Xinde;Cina;Sì
Wenbo Xiang;Cina;Sì
Xu Jin;Cina;Sì
Xu Shijun;Cina;Sì
Wanmao Xu;Cina;Sì
Xu Yuejuan;Cina;Sì
Vadim Yakunin;Russia;Sì
Yang Yunyun;Cina;Sì
Matei Zaharia;Romania;Sì
Zan Shengda;Cina;Sì
Zhang Xuezheng;Cina;Sì
Zhang Yin;Cina;Sì
Ning Zhao;Cina;Sì
Zhou Wen;Cina;Sì
Zhu Xingliang;Cina;Sì
Hari Krishan Agarwal;India;Sì
Farkhad Akhmedov;Russia;No
Joseph Bae;Stati Uniti;Sì
Sara Blakely;Stati Uniti;Sì
Lloyd Blankfein;Stati Uniti;Sì
Henadiy Boholyubov;Ucraina;No
Stephane Bonvin;Svizzera;Sì
Oleg Boyko;Russia;Sì
Ryan Breslow;Stati Uniti;Sì
Marina Budiman;Indonesia;Sì
Cai Hongbin;Cina;Sì
Cao Kejian;Cina;Sì
Chang Jing;Cina;Sì
Chen Baohua;Cina;Sì
Gang Chen;Cina;Sì
Liying Chen;Cina;Sì
Tony Chen;Cina;Sì
Chen Xueling;Cina;Sì
Cheng Lili;Cina;Sì
Cho Jyh-jer;Taiwan;Sì
Weili Dai;Cina;Sì
Deng Yingzhong;Cina;Sì
Shlomo Eliahu;Israele;Sì
Henry Engelhardt;Stati Uniti;Sì
Gabriel Escarrer;Spagna;Sì
Gleb Fetisov;Russia;Sì
Paul Fireman;Stati Uniti;Sì
Bernd Freier;Germania;Sì
Donald Friese;Stati Uniti;Sì
Gan Zhongru;Cina;Sì
David Golub;Stati Uniti;Sì
Pavel Golubkov;Russia;Sì
Cristina Green;Regno Unito;Sì
Philip Green;Regno Unito;No
He Zuxun;Cina;Sì
David Hindawi;Stati Uniti;Sì
Huang Shan;Cina;Sì
Huang Xiaofen;Cina;Sì
Chatchai Kaewbootta;Thailandia;Sì
Nikhil Kamath;India;Sì
Fumio Kaneko;Giappone;Sì
Ali Metin Kazanci;Turchia;Sì
Kangbao Ke;Cina;Sì
Carsten Koerl;Germania;Sì
Andrei Kosogov;Russia;Sì
Yogesh Kothari;India;Sì
Manuel Lao Hernández;Spagna;Sì
Lee Joong-keun;Corea del Sud;Sì
Lin Zhijun;Cina;Sì
Lin Zhixiong;Cina;Sì
Lu Rongfu;Cina;Sì
Lyu Yixiong;Cina;Sì
Soichiro Minami;Giappone;Sì
Dmitry Nikolaev;Russia;Sì
Adrian Paval;Romania;Sì
Antonio Percassi;Italia;Sì
Kevin Plank;Stati Uniti;Sì
Pu Zhongjie;Cina;Sì
Rao Wei;Cina;Sì
Matthew Roszak;Stati Uniti;Sì
Paul Sciarra;Stati Uniti;Sì
Dean Solon;Stati Uniti;Sì
Michael Spencer;Regno Unito;Sì
Joseph Steinberg;Stati Uniti;No
Manny Stul;Australia;Sì
Sun Hongjun;Cina;Sì
Sun Weijie;Cina;Sì
Sehat Sutardja;Indonesia;Sì
Min-Liang Tan;Singapore;Sì
Tan Yu Yeh;Taiwan;Sì
Tang Aoqi;Cina;Sì
Tsao Ter-fung;Taiwan;Sì
Tung Ching Sai;Hong Kong;Sì
Arkady Volozh;Russia;Sì
Wan Long;Cina;Sì
Lars Wingefors;Svezia;Sì
Allan Wong;Hong Kong;Sì
Tiger Woods;Stati Uniti;Sì
Horst Wortmann;Germania;No
Wu Kaiting;Cina;Sì
Wu Li-gann;Cina;Sì
Wu Xiangdong;Cina;Sì
Xiu Laigui;Cina;Sì
Xu Jiangnan;Cina;Sì
Xue Jiping;Cina;Sì
Yao Hsiao Tung;Taiwan;Sì
Ye Qiongjiu;Cina;Sì
Yanqiao Ye;Cina;Sì
Yeh Kuo-I;Taiwan;Sì
Yu Faxiang;Cina;Sì
Kapeng Zhang;Cina;Sì
Zhang Xuansong;Cina;Sì
Zhang Xuewu;Cina;Sì
Zhu Yiming;Cina;Sì
Zhu Zhaojiang;Cina;Sì
Christian Angermayer;Germania;Sì
Ryuji Arai;Giappone;Sì
Jimmy Buffett;Stati Uniti;Sì
Edouard Carmignac;Francia;Sì
Chen Jiancheng;Cina;Sì
Rui Chen;Cina;Sì
Chen Shiliang;Cina;Sì
Tianqiao Chen;Cina;Sì
Yuantai Chen;Cina;Sì
Cheng Antares;Cina;Sì
Kochouseph Chittilappilly;India;Sì
John Christodoulou;Cipro;Sì
Pollyanna Chu;Hong Kong;Sì
Turgay Ciner;Turchia;Sì
Benoit Dageville;Francia;Sì
Mark Dixon;Regno Unito;Sì
Du Yulin;Cina;Sì
Feng Yuxia;Cina;Sì
Gao Yunfeng;Cina;Sì
Jianming Geng;Cina;Sì
Sven Hagströmer;Svezia;Sì
Hang Hong;Cina;Sì
He Yamin;Cina;Sì
Hong Feng;Cina;Sì
Hu Gengxi;Cina;Sì
Danilo Iervolino;Italia;Sì
Hedda im Brahm-Droege;Germania;Sì
Inder Jaisinghani;India;Sì
LeBron James;Stati Uniti;Sì
Morris Kahn;Israele;Sì
Ashok Kajaria;India;Sì
Marcelo Kalim;Brasile;Sì
Ken Kendrick;Stati Uniti;Sì
Brad Keywell;Stati Uniti;Sì
Muhammed Aziz Khan;Bangladesh;Sì
Kim Jung-woong;Corea del Sud;Sì
Ihor Kolomoyskyy;Ucraina;No
Kong Jian Min;Cina;Sì
Michael Kum;Singapore;Sì
Richard Kurtz;Stati Uniti;Sì
Lev Kvetnoi;Russia;Sì
Michiel Le Roux;Sudafrica;Sì
Li Wanqiang;Cina;Sì
Liu Baolin;Cina;Sì
Loo Choon Yong;Singapore;Sì
Lu Yonghua;Cina;Sì
Ma Xiuhui;Cina;Sì
Apoorva Mehta;India;Sì
Andrei Molchanov;Russia;Sì
Fulvio Montipò;Italia;Sì
Tyler Perry;Stati Uniti;Sì
Réal Plourde;Canada;Sì
George Sakellaris;Grecia;Sì
Eddy Kusnadi Sariaatmadja;Indonesia;Sì
Neerja Sethi;India;Sì
Scott Smith;Stati Uniti;Sì
Petter Stordalen;Norvegia;Sì
Ivan Streshinsky;Russia;Sì
Sergei Sudarikov;Russia;Sì
David Tran;Vietnam;Sì
Kenzo Tsujimoto;Giappone;Sì
Murat Vargi;Turchia;Sì
Shigefumi Wada;Giappone;Sì
Wan Feng;Cina;Sì
Wang Jianfeng;Cina;Sì
Masaru Wasami;Giappone;Sì
V. Prem Watsa;India;Sì
Wen Pengcheng;Cina;Sì
Toto Wolff;Austria;Sì
Xie Bingzheng;Cina;Sì
Xu Gang;Cina;Sì
Yan Junxu;Cina;Sì
Yi Xianzhong;Cina;Sì
Yu Rong;Cina;Sì
Zhang Gongyun;Cina;Sì
Zhang Guiping;Cina;Sì