,personName,Country of birth,Self-made
0,Elon Musk,Sudafrica,Sì
1,Jeff Bezos,Stati Uniti,Sì
2,Larry Ellison,Stati Uniti,Sì
3,Warren Buffett,Stati Uniti,Sì
4,Bill Gates,Stati Uniti,Sì
5,Michael Bloomberg,Stati Uniti,Sì
6,Carlos Slim Helu,Messico,No
7,Steve Ballmer,Stati Uniti,Sì
8,Larry Page,Stati Uniti,Sì
9,Amancio Ortega,Spagna,Sì
10,Sergey Brin,Russia,Sì
11,Zhong Shanshan,Cina,Sì
12,Mark Zuckerberg,Stati Uniti,Sì
13,Michael Dell,Stati Uniti,Sì
14,Gautam Adani,India,Sì
15,Phil Knight,Stati Uniti,Sì
16,Zhang Yiming,Cina,Sì
17,François Pinault,Francia,No
18,Li Ka-shing,Hong Kong,Sì
19,Ma Huateng,Cina,Sì
20,Ken Griffin,Stati Uniti,Sì
21,Robin Zeng,Cina,Sì
22,Tadashi Yanai,Giappone,No
23,Len Blavatnik,Ucraina,No
24,Gianluigi Aponte,Italia,Sì
25,Rafaela Aponte-Diamant,Italia,Sì
26,Colin Zheng Huang,Cina,Sì
27,Reinhold Wuerth,Germania,Sì
28,Lee Shau Kee,Hong Kong,No
29,Jeff Yass,Stati Uniti,Sì
30,Jim Simons,Stati Uniti,Sì
31,Stephen Schwarzman,Stati Uniti,Sì
32,William Ding,Cina,Sì
33,Shiv Nadar,India,Sì
34,Low Tuck Kwong,Indonesia,Sì
35,Thomas Peterffy,Ungheria,Sì
36,Andrey Melnichenko,Russia,Sì
37,Vladimir Potanin,Russia,No
38,Jack Ma,Cina,Sì
39,He Xiangjian,Cina,Sì
40,James Ratcliffe,Regno Unito,Sì
41,Masayoshi Son,Giappone,Sì
42,Vladimir Lisin,Russia,No
43,Leonid Mikhelson,Russia,No
44,Wang Wei,Cina,Sì
45,Jensen Huang,Taiwan,Sì
46,Takemitsu Takizaki,Giappone,Sì
47,Alexey Mordashov,Russia,No
48,Vagit Alekperov,Azerbaigian,No
49,Thomas Frist Jr. & famiglia,Stati Uniti,No
50,Andrew Forrest,Australia,Sì
51,Ray Dalio,Stati Uniti,Sì
52,Eric Li,Cina,Sì
53,Wang Wenyin,Cina,Sì
54,Qin Yinglin,Cina,Sì
55,Wang Chuanfu,Cina,Sì
56,Harold Hamm & famiglia,Stati Uniti,Sì
57,David Tepper,Stati Uniti,Sì
58,Gennady Timchenko,Armenia,No
59,Daniel Gilbert,Stati Uniti,Sì
60,Steve Cohen,Stati Uniti,Sì
61,Carl Icahn,Stati Uniti,Sì
62,Donald Bren,Stati Uniti,No
63,John Menard Jr.,Stati Uniti,Sì
64,Li Xiting,Cina,Sì
65,Eric Schmidt,Stati Uniti,No
66,Michael Platt,Regno Unito,Sì
67,Pang Kang,Cina,Sì
68,Jorge Paulo Lemann & famiglia,Brasile,No
69,Dilip Shanghvi,India,Sì
70,Robert Pera,Stati Uniti,Sì
71,Radhakishan Damani,India,Sì
72,Huang Shilin,Cina,Sì
73,David Green & famiglia,Stati Uniti,No
74,Charoen Sirivadhanabhakdi,Thailandia,Sì
75,Xu Hang,Cina,Sì
76,Wei Jianjun & famiglia,Cina,Sì
77,Alisher Usmanov,Uzbekistan,No
78,Goh Cheng Liang,Singapore,Sì
79,Aliko Dangote,Nigeria,Sì
80,Chen Bang,Cina,Sì
81,Lui Che Woo,Cina,No
82,John Fredriksen,Norvegia,Sì
83,Diane Hendricks,Stati Uniti,Sì
84,Jan Koum,Ucraina,Sì
85,Jerry Jones,Stati Uniti,Sì
86,Joseph Lau,Hong Kong,No
87,Lu Xiangyang,Cina,Sì
88,Harry Triguboff,Cina,Sì
89,Uday Kotak,India,Sì
90,Stanley Kroenke,Stati Uniti,No
91,Mikhail Fridman,Ucraina,No
92,Sarath Ratanavadi,Thailandia,Sì
93,Dang Yanbao,Cina,Sì
94,Jiang Rensheng & famiglia,Cina,Sì
95,Shahid Khan,Pakistan,Sì
96,Robert Kuok,Malesia,No
97,Stephen Ross,Stati Uniti,Sì
98,Pavel Durov,Russia,Sì
99,Andreas Struengmann & famiglia,Germania,No
100,Thomas Struengmann & famiglia,Germania,No
101,Liu Hanyuan,Cina,Sì
102,Michael Rubin,Stati Uniti,Sì
103,Israel Englander,Stati Uniti,Sì
104,Viatcheslav Kantor,Russia,Sì
105,Mikhail Prokhorov,Russia,Sì
106,Giorgio Armani,Italia,Sì
107,Gong Hongjia & famiglia,Cina,Sì
108,Zhang Zhidong,Cina,Sì
109,Judy Love & famiglia,Stati Uniti,Sì
110,Robert Kraft,Stati Uniti,Sì
111,Marcel Herrmann Telles,Brasile,Sì
112,Suleiman Kerimov & famiglia,Russia,No
113,Sky Xu,Cina,Sì
114,Changpeng Zhao,Cina,Sì
115,Andrew Beal,Stati Uniti,Sì
116,Mike Cannon-Brookes,Australia,Sì
117,David Duffield,Stati Uniti,Sì
118,Jeffery Hildebrand,Stati Uniti,Sì
119,Viktor Rashnikov,Russia,No
120,Eduardo Saverin,Brasile,Sì
121,Scott Farquhar,Australia,Sì
122,Wu Yajun,Cina,Sì
123,Autry Stephens,Stati Uniti,Sì
124,Liu Yongxing,Cina,Sì
125,Vinod Adani,India,No
126,Melker Schorling & famiglia,Svezia,No
127,Andrei Guriev & famiglia,Russia,No
128,Michael Kim,Corea del Sud,Sì
129,Lei Jun,Cina,Sì
130,Sun Piaoyang,Cina,Sì
131,Jin Baofang,Cina,Sì
132,Luo Liguo & famiglia,Cina,Sì
133,Jim Pattison,Canada,Sì
134,Wang Xing,Cina,Sì
135,Brian Chesky,Stati Uniti,Sì
136,James Dyson,Regno Unito,Sì
137,Roman Abramovich & famiglia,Russia,No
138,Daniel Kretinsky,Repubblica Ceca,Sì
139,John Malone,Stati Uniti,Sì
140,Charles Schwab,Stati Uniti,Sì
141,Eric Smidt,Stati Uniti,Sì
142,David Cheriton,Canada,Sì
143,Ivan Glasenberg,Sudafrica,Sì
144,Anthony von Mandl,Canada,Sì
145,Wang Liping & famiglia,Cina,Sì
146,Tatyana Bakalchuk,Russia,Sì
147,John Doerr,Stati Uniti,Sì
148,Richard Liu,Cina,Sì
149,Dustin Moskovitz,Stati Uniti,Sì
150,Pierre Omidyar,Francia,Sì
151,Pei Zhenhua,Cina,Sì
152,Chen Jianhua,Cina,Sì
153,Leon Black,Stati Uniti,Sì
154,Graeme Hart,Nuova Zelanda,Sì
155,Hasso Plattner & famiglia,Germania,Sì
156,Carlos Alberto Sicupira,Brasile,Sì
157,Manuel Villar,Filippine,Sì
158,Andreas von Bechtolsheim,Germania,Sì
159,"Chase Coleman, III.",Stati Uniti,No
160,Li Zhenguo & famiglia,Cina,Sì
161,John Morris,Stati Uniti,Sì
162,Francis Choi,Hong Kong,Sì
163,German Khan,Ucraina,No
164,George Roberts,Stati Uniti,Sì
165,Wang Jianlin,Cina,No
166,Tilman Fertitta,Stati Uniti,Sì
167,Karel Komarek,Repubblica Ceca,Sì
168,Nathan Blecharczyk,Stati Uniti,Sì
169,Leonid Fedun,Russia,No
170,Bernard Marcus,Stati Uniti,Sì
171,Patrick Ryan,Stati Uniti,Sì
172,Robert F. Smith,Stati Uniti,Sì
173,Pavel Tykac,Repubblica Ceca,Sì
174,Orlando Bravo,Stati Uniti,Sì
175,Ding Shizhong,Cina,Sì
176,Ramzi Musallam,Stati Uniti,Sì
177,David Shaw,Stati Uniti,Sì
178,Andrei Skoch & famiglia,Russia,No
179,Georg Stumpf,Austria,Sì
180,Rocco Commisso,Italia,Sì
181,Li Shuirong & famiglia,Cina,Sì
182,Lin Shu-hong,Cina,Sì
183,Qi Shi & famiglia,Cina,Sì
184,Yao Liangsong,Cina,Sì
185,Zhang Congyuan,Taiwan,Sì
186,David Geffen,Stati Uniti,Sì
187,Robin Li,Cina,Sì
188,Liu Yonghao & famiglia,Cina,Sì
189,Henry Samueli,Stati Uniti,Sì
190,Reinhold Schmieding,Germania,Sì
191,Ivar Tollefsen,Norvegia,Sì
192,Cao Renxian,Cina,Sì
193,Hasmukh Chudgar & famiglia,India,Sì
194,Andrew Currie,Regno Unito,Sì
195,Joe Gebbia,Stati Uniti,Sì
196,John Reece,Regno Unito,Sì
197,Joseph Tsai,Taiwan,Sì
198,Zhong Huijuan,Cina,Sì
199,Arthur Blank,Stati Uniti,Sì
200,Ding Shijia,Cina,Sì
201,Paul Tudor Jones II,Stati Uniti,Sì
202,Henry Kravis,Stati Uniti,Sì
203,Zhang Yong,Cina,Sì
204,James Goodnight,Stati Uniti,Sì
205,Ma Jianrong,Cina,Sì
206,Steven Rales,Stati Uniti,Sì
207,Harry Stine,Stati Uniti,Sì
208,Iskander Makhmudov,Russia,Sì
209,Wang Laichun,Cina,Sì
210,Arthur Dantchik,Stati Uniti,Sì
211,Terry Gou,Taiwan,Sì
212,Jeff Greene,Stati Uniti,Sì
213,Don Hankey,Stati Uniti,Sì
214,Richard Kinder,Stati Uniti,Sì
215,Guillaume Pousaz,Svizzera,Sì
216,Zong Qinghou,Cina,Sì
217,Judy Faulkner,Stati Uniti,Sì
218,Johann Graf,Austria,Sì
219,Liang Wengen,Cina,Sì
220,Zhang Hejun,Cina,Sì
221,Marc Benioff,Stati Uniti,Sì
222,Dmitri Bukhman,Russia,Sì
223,Igor Bukhman,Russia,Sì
224,Jack Dangermond,Stati Uniti,Sì
225,Ralph Lauren,Stati Uniti,Sì
226,J. Christopher Reyes,Stati Uniti,No
227,Jude Reyes,Stati Uniti,No
228,Don Vultaggio & famiglia,Stati Uniti,Sì
229,Philippe Laffont,Svizzera,Sì
230,Liu Jincheng & famiglia,Cina,Sì
231,Igor Olenicoff,Russia,Sì
232,Silvio Berlusconi & famiglia,Italia,Sì
233,Denise Coates,Regno Unito,Sì
234,Yuri Milner,Russia,Sì
235,Gordon Moore,Stati Uniti,Sì
236,John Overdeck,Stati Uniti,Sì
237,David Siegel,Stati Uniti,Sì
238,Viktor Vekselberg,Ucraina,No
239,Wang Laisheng,Cina,Sì
240,Ken Fisher,Stati Uniti,Sì
241,Christopher Hohn,Regno Unito,Sì
242,Li Ping,Cina,Sì
243,Lin Jianhua,Cina,Sì
244,Xavier Niel,Francia,Sì
245,Terrence Pegula,Stati Uniti,Sì
246,John A. Sobrato & famiglia,Stati Uniti,No
247,George Soros,Ungheria,Sì
248,David Sun,Taiwan,Sì
249,John Tu,Taiwan,Sì
250,Xu Shihui,Cina,Sì
251,Bruce Kovner,Stati Uniti,Sì
252,Henry Nicholas III,Stati Uniti,Sì
253,David Bonderman,Stati Uniti,Sì
254,Nathan Kirsh,Swaziland,Sì
255,David Reuben,Regno Unito,Sì
256,Simon Reuben,Regno Unito,Sì
257,Radovan Vitek,Repubblica Ceca,Sì
258,Carl Bennet,Svezia,Sì
259,Stephen Bisciotti,Stati Uniti,Sì
260,Stanley Druckenmiller,Stati Uniti,Sì
261,Jian Jun,Cina,Sì
262,Alexei Kuzmichev,Russia,Sì
263,Dmitry Rybolovlev & famiglia,Russia,No
264,Luis Carlos Sarmiento,Colombia,Sì
265,Dennis Washington,Stati Uniti,Sì
266,Gao Jifan & famiglia,Cina,Sì
267,John Grayken,Stati Uniti,Sì
268,Wang Yusuo & famiglia,Cina,Sì
269,Stef Wertheimer & famiglia,Israele,Sì
270,Gustaf Douglas,Svezia,No
271,Frits Goldschmeding,Paesi Bassi,No
272,Lin Muqin & famiglia,Cina,Sì
273,Ruan Liping,Cina,Sì
274,Ruan Xueping,Cina,Sì
275,Michal Solowow,Polonia,Sì
276,Mike Adenuga,Nigeria,Sì
277,Tom Gores,Stati Uniti,Sì
278,Sunil Mittal,India,Sì
279,Zhou Qunfei,Cina,Sì
280,Alexander Abramov,Russia,Sì
281,Rene Benko,Austria,Sì
282,Neil Bluhm,Stati Uniti,Sì
283,Alain Bouchard,Canada,Sì
284,Jay Chaudhry,India,Sì
285,Gopikishan Damani,India,Sì
286,Joe Lewis,Regno Unito,Sì
287,Frank Lowy,Slovacchia,Sì
288,Michael Milken,Stati Uniti,Sì
289,David Steward,Stati Uniti,Sì
290,Les Wexner & famiglia,Stati Uniti,No
291,Cai Kui,Cina,Sì
292,Andreas Halvorsen,Norvegia,Sì
293,Antony Ressler,Stati Uniti,Sì
294,Josh Harris,Stati Uniti,Sì
295,Patrick Soon-Shiong,Sudafrica,Sì
296,Rinat Akhmetov,Ucraina,No
297,John Brown,Stati Uniti,Sì
298,Clive Calder,Sudafrica,Sì
299,Lai Meisong,Cina,Sì
300,Ken Langone,Stati Uniti,Sì
301,Li Ge,Cina,Sì
302,Teddy Sagi,Israele,Sì
303,Seo Jung-jin,Corea del Sud,Sì
304,Wu Jianshu,Cina,Sì
305,Pierre Chen,Taiwan,Sì
306,John Collison,Irlanda,Sì
307,Patrick Collison,Irlanda,Sì
308,Archie Aldis Emmerson,Stati Uniti,Sì
309,Jiang Weiping,Cina,Sì
310,Wolfgang Marguerre,Germania,No
311,Mitchell Rales,Stati Uniti,Sì
312,Jean Salata,Canada,Sì
313,Paul Singer,Stati Uniti,Sì
314,Sergio Stevanato,Italia,No
315,Richard White,Australia,Sì
316,Zhao Yan,Cina,Sì
317,Patrizio Bertelli,Italia,Sì
318,Leo Koguan,Indonesia,Sì
319,Miao Hangen,Cina,Sì
320,Michael Pieper,Svizzera,No
321,Todd Boehly,Stati Uniti,Sì
322,Rick Caruso,Stati Uniti,Sì
323,Ibrahim Erdemoglu,Turchia,Sì
324,Douglas Leone,Italia,Sì
325,Lynda Resnick,Stati Uniti,No
326,Stewart Resnick,Stati Uniti,No
327,Mark Walter,Stati Uniti,Sì
328,Ronald Wanek,Stati Uniti,Sì
329,Erich Wesjohann,Germania,No
330,M.A. Yusuff Ali,India,Sì
331,Alexandre Behring,Brasile,Sì
332,Cheng Xue,Cina,Sì
333,Robert Faith,Stati Uniti,Sì
334,Gao Dekang,Cina,Sì
335,Ananda Krishnan,Malesia,Sì
336,Barry Lam,Taiwan,Sì
337,Mark Scheinberg,Israele,Sì
338,Charles Simonyi,Ungheria,Sì
339,Ty Warner,Stati Uniti,Sì
340,Sam Zell,Stati Uniti,Sì
341,Fang Wei,Cina,Sì
342,Kwon Hyuk-bin,Corea del Sud,Sì
343,Sami Mnaymneh,Libano,Sì
344,Kjell Inge Rokke,Norvegia,Sì
345,Tony Tamer,Stati Uniti,Sì
346,Tse Ping,Cina,No
347,Romesh T. Wadhwani,India,Sì
348,Hansjoerg Wyss,Svizzera,Sì
349,Ron Baron,Stati Uniti,Sì
350,Alexander Gerko,Russia,Sì
351,Robert Hale Jr.,Stati Uniti,Sì
352,Viktor Kharitonin,Russia,No
353,Kim Beom-su,Corea del Sud,Sì
354,George Lucas,Stati Uniti,Sì
355,Ugur Sahin,Turchia,Sì
356,Chip Wilson,Canada,Sì
357,Jim Davis,Stati Uniti,Sì
358,Murali Divi,India,Sì
359,Marcos Galperin,Argentina,Sì
360,Tom Golisano,Stati Uniti,Sì
361,Jonathan Gray,Stati Uniti,Sì
362,Bidzina Ivanishvili,Georgia,No
363,Lim Hariyanto Wijaya Sarwono,Indonesia,Sì
364,Rudolf Maag,Svizzera,Sì
365,Dan Snyder,Stati Uniti,Sì
366,Chairul Tanjung,Indonesia,Sì
367,Kelcy Warren,Stati Uniti,Sì
368,Zhang Tao,Cina,Sì
369,Michael Ashley,Regno Unito,Sì
370,Tomasz Biernacki,Polonia,Sì
371,Bernard Broermann,Germania,No
372,Vinod Khosla,India,Sì
373,Thai Lee,Corea del Sud,Sì
374,Horst Julius Pudwill,Germania,Sì
375,Yu Yong,Cina,Sì
376,Jason Chang,Taiwan,Sì
377,Ali Erdemoglu,Turchia,Sì
378,Andre Esteves,Brasile,Sì
379,Li Gaiteng,Cina,Sì
380,Thomas Secunda,Stati Uniti,Sì
381,Zuowen Song,Cina,Sì
382,Tim Sweeney,Stati Uniti,Sì
383,Bert Beveridge,Stati Uniti,Sì
384,Mark Cuban,Stati Uniti,Sì
385,Charles Dolan,Stati Uniti,No
386,Jack Dorsey,Stati Uniti,Sì
387,Fan Hongwei,Cina,Sì
388,Vladimir Kim,Kazakistan,Sì
389,Li Chunan,Cina,Sì
390,Forrest Li,Singapore,Sì
391,Issad Rebrab,Algeria,Sì
392,Fred Smith,Stati Uniti,Sì
393,Barry Sternlicht,Stati Uniti,Sì
394,Russ Weiner,Stati Uniti,Sì
395,Xue Min,Cina,Sì
396,Dietmar Hopp,Germania,No
397,Jiang Bin,Cina,Sì
398,Joseph Liemandt,Stati Uniti,Sì
399,N.R. Narayana Murthy,India,Sì
400,Marc Rowan,Stati Uniti,Sì
401,Hussain Sajwani,Emirati Arabi Uniti,Sì
402,David Velez,Colombia,Sì
403,Xu Jinfu,Cina,Sì
404,You Xiaoping,Cina,Sì
405,Stéphane Bancel,Francia,Sì
406,Neal Blue,Stati Uniti,Sì
407,Jim Davis,Stati Uniti,No
408,Peter Grogg,Svizzera,Sì
409,Mangal Prabhat Lodha,India,Sì
410,Joe Mansueto,Stati Uniti,Sì
411,Qian Dongqi,Cina,Sì
412,Mikhail Shelkov,Russia,No
413,Patrick Drahi,Francia,Sì
414,Behdad Eghbali,Iran,Sì
415,Juan Carlos Escotet,Venezuela,Sì
416,Jose E. Feliciano,Stati Uniti,Sì
417,Hu Kaijun,Cina,Sì
418,Johnelle Hunt,Stati Uniti,Sì
419,Marian Ilitch,Stati Uniti,Sì
420,Daryl Katz,Canada,Sì
421,Andrei Kozitsyn,Russia,No
422,Timur Kulibaev,Kazakistan,No
423,Ian Livingstone,Regno Unito,Sì
424,Richard Livingstone,Regno Unito,Sì
425,Jay Paul,Stati Uniti,Sì
426,Pham Nhat Vuong,Vietnam,Sì
427,Frank Wang,Cina,Sì
428,Wang Junshi,Cina,Sì
429,Wang Wenjing,Cina,Sì
430,Herbert Wertheim,Stati Uniti,Sì
431,Pyotr Aven,Russia,No
432,Chan Laiwa,Cina,Sì
433,Chen Hua,Cina,Sì
434,Dewi Kam,Indonesia,Sì
435,Min Kao,Taiwan,Sì
436,Marc Ladreit de Lacharriere,Francia,No
437,Eric Lefkofsky,Stati Uniti,Sì
438,Lin Bin,Cina,Sì
439,Lin Li,Cina,Sì
440,Michael Moritz,Regno Unito,Sì
441,Jeff Skoll,Canada,Sì
442,Djoko Susanto,Indonesia,Sì
443,Tahir,Pakistan,Sì
444,Peter Thiel,Germania,Sì
445,Andrej Babis,Repubblica Ceca,Sì
446,Nick Caporella,Stati Uniti,Sì
447,John Catsimatidis,Grecia,Sì
448,Scott Cook,Stati Uniti,Sì
449,Hong Jie,Cina,Sì
450,Igor Kesaev,Russia,No
451,Arturo Moreno,Stati Uniti,Sì
452,Peter Spuhler,Svizzera,Sì
453,Donald Sterling,Stati Uniti,Sì
454,Kerry Stokes,Australia,Sì
455,Ken Xie,Cina,Sì
456,Liangzhi Xie,Cina,Sì
457,Ben Chestnut,Stati Uniti,Sì
458,Guangchang Guo,Cina,Sì
459,John Henry,Stati Uniti,Sì
460,Travis Kalanick,Stati Uniti,Sì
461,Koon Poh Keong,Malesia,Sì
462,Dan Kurzius,Stati Uniti,Sì
463,Paul Lee,Stati Uniti,Sì
464,Tobi Lutke,Germania,Sì
465,Gail Miller,Stati Uniti,No
466,Isaac Perlmutter,Israele,Sì
467,Shaul Shani,Israele,Sì
468,Steven Spielberg,Stati Uniti,Sì
469,Jerzy Starak,Polonia,Sì
470,Torbjorn Tornqvist,Svezia,Sì
471,Rufino Vigil Gonzalez,Messico,Sì
472,Zhang Daocai,Cina,Sì
473,Vanich Chaiyawan,Thailandia,No
474,Chen Dongsheng,Cina,Sì
475,Guenther Fielmann,Germania,No
476,Jorge Moll Filho,Brasile,Sì
477,Gabe Newell,Stati Uniti,Sì
478,Ruan Hongliang,Cina,Sì
479,Mark Stevens,Stati Uniti,Sì
480,Wu Yiling,Cina,Sì
481,Yu Renrong,Cina,Sì
482,Zhu Baoguo,Cina,Sì
483,Francesco Caltagirone,Italia,No
484,Barry Diller,Stati Uniti,Sì
485,Wesley Edens,Stati Uniti,Sì
486,Stephen Feinberg,Stati Uniti,Sì
487,Rakesh Gangwal,India,Sì
488,Joseph Grendys,Stati Uniti,Sì
489,Li Xiang,Cina,Sì
490,Trevor Rees-Jones,Stati Uniti,Sì
491,Yasumitsu Shigeta,Giappone,Sì
492,Su Qingcan,Cina,Sì
493,Steven Udvar-Hazy,Ungheria,Sì
494,Elizabeth Uihlein,Stati Uniti,No
495,Richard Uihlein,Stati Uniti,No
496,Hayes Barnard,Stati Uniti,Sì
497,William Berkley,Stati Uniti,Sì
498,Yakir Gabay,Israele,Sì
499,Huang Li,Cina,Sì
500,Brad Jacobs,Stati Uniti,Sì
501,Ji Qi,Cina,Sì
502,Jason Jiang,Cina,Sì
503,Jim Kavanaugh,Stati Uniti,Sì
504,Mikhail Lomtadze,Kazakistan,Sì
505,Tom Morris,Regno Unito,Sì
506,Shigenobu Nagamori,Giappone,Sì
507,Daniel Och,Stati Uniti,Sì
508,Horst Paulmann,Germania,No
509,John Sall,Stati Uniti,Sì
510,Howard Schultz,Stati Uniti,Sì
511,Richard Schulze,Stati Uniti,Sì
512,Yitzhak Tshuva,Israele,Sì
513,Wang Yanqing,Cina,Sì
514,Leonid Boguslavsky,Russia,Sì
515,Jim Coulter,Stati Uniti,Sì
516,Bob Gaglardi,Canada,Sì
517,Alan Howard,Regno Unito,Sì
518,Huang Yi,Cina,Sì
519,Vyacheslav Kim,Kazakistan,Sì
520,Josh Kushner,Stati Uniti,Sì
521,Edwin Leong,Hong Kong,Sì
522,"Stephen Mandel, Jr.",Stati Uniti,Sì
523,Mohamed Mansour,Egitto,Sì
524,Masahiro Miki,Giappone,Sì
525,Masahiro Noda,Giappone,Sì
526,Cliff Obrecht,Australia,Sì
527,Melanie Perkins,Australia,Sì
528,Jerry Speyer,Stati Uniti,No
529,Lawrence Stroll,Canada,No
530,Wang Junlin,Cina,Sì
531,Xia Zuoquan,Cina,Sì
532,Zeng Fangqin,Cina,Sì
533,Zhang Jian,Cina,Sì
534,Fashu Chen,Cina,Sì
535,Giuseppe Crippa,Italia,Sì
536,Daniel D'Aniello,Stati Uniti,Sì
537,Walter P.J. Droege,Germania,Sì
538,Fan Daidi,Cina,Sì
539,Peter Gassner,Stati Uniti,Sì
540,Mikhail Gutseriev,Russia,No
541,Patrick Lee,Stati Uniti,Sì
542,Leng Youbin,Cina,Sì
543,Daniel Loeb,Stati Uniti,Sì
544,Prasert Prasarttong-Osoth,Thailandia,Sì
545,Ira Rennert,Stati Uniti,No
546,Dirk Rossmann,Germania,Sì
547,Arkady Rotenberg,Russia,No
548,Remo Ruffini,Italia,Sì
549,Vivek Chaand Sehgal,India,Sì
550,Scott Shleifer,Stati Uniti,Sì
551,Thomas Siebel,Stati Uniti,Sì
552,Xiao Yongming,Cina,Sì
553,Michael Xie,Cina,Sì
554,Yang Shaopeng,Cina,Sì
555,William Ackman,Stati Uniti,Sì
556,Somphote Ahunai,Thailandia,Sì
557,Igor Altushkin,Russia,Sì
558,Ramon Ang,Filippine,Sì
559,Acharya Balkrishna,India,Sì
560,Richard Branson,Regno Unito,Sì
561,Laurence Graff,Regno Unito,Sì
562,"Amos Hostetter, Jr.",Stati Uniti,Sì
563,Steven Klinsky,Stati Uniti,Sì
564,Hiroshi Mikitani,Giappone,Sì
565,Bob Parsons,Stati Uniti,Sì
566,J. Joe Ricketts,Stati Uniti,Sì
567,Herb Simon,Stati Uniti,Sì
568,Wu Guanjiang,Cina,Sì
569,Yi Zheng,Cina,Sì
570,Eric Yuan,Cina,Sì
571,Charles Zegar,Stati Uniti,Sì
572,Mohed Altrad,Francia,Sì
573,John Arnold,Stati Uniti,Sì
574,Bill Austin,Stati Uniti,Sì
575,Chen Shibin,Cina,Sì
576,Walter Faria,Brasile,Sì
577,Fu Liquan,Cina,Sì
578,Peter Gilgan,Canada,Sì
579,Pablo Legorreta,Messico,Sì
580,Arnon Milchan,Israele,Sì
581,Akio Nitori,Giappone,Sì
582,Julio Ponce Lerou,Cile,Sì
583,Rodger Riney,Stati Uniti,Sì
584,Phil Ruffin,Stati Uniti,Sì
585,Neil Shen,Cina,Sì
586,Gil Shwed,Israele,Sì
587,Stephen Smith,Canada,Sì
588,Nik Storonsky,Russia,Sì
589,Jeffrey Talpins,Stati Uniti,Sì
590,Carl Thoma,Stati Uniti,Sì
591,Xue Hua,Cina,Sì
592,Takao Yasuda,Giappone,Sì
593,Giuliana Benetton,Italia,No
594,Luciano Benetton,Italia,No
595,Ron Burkle,Stati Uniti,Sì
596,Chen Kaixuan,Cina,Sì
597,Brunello Cucinelli,Italia,Sì
598,Antonio Del Valle Ruiz,Messico,Sì
599,Gustavo Denegri & famiglia,Italia,Sì
600,Dong Jinggui,Cina,Sì
601,Charles Ergen,Stati Uniti,Sì
602,David Filo,Stati Uniti,Sì
603,Lindsay Fox,Australia,Sì
604,Sergei Galitsky,Russia,Sì
605,Senapathy Gopalakrishnan,India,Sì
606,Luciano Hang,Brasile,Sì
607,Michael Hintze,Australia,Sì
608,Hu Baifan,Cina,Sì
609,Hamilton James & famiglia,Stati Uniti,No
610,Li Liangbin,Cina,Sì
611,Liang Feng,Cina,Sì
612,Aristotelis Mistakidis,Grecia,Sì
613,Roger Penske,Stati Uniti,Sì
614,Ravi Pillai,India,Sì
615,David Rubenstein,Stati Uniti,Sì
616,Hilton Schlosberg,Regno Unito,Sì
617,Klaus-Peter Schulenberg,Germania,Sì
618,Shen Guojun,Cina,Sì
619,Roman Trotsenko,Russia,Sì
620,Vincent Viola,Stati Uniti,Sì
621,Wu Shaoxun,Cina,Sì
622,Steve Wynn,Stati Uniti,Sì
623,Jon Yarbrough,Stati Uniti,Sì
624,Zhou Bajin,Cina,Sì
625,Cho Tak Wong,Hong Kong,Sì
626,John Coates,Australia,Sì
627,Ryan Cohen,Canada,Sì
628,Deng Wen,Cina,Sì
629,Gurbachan Singh Dhingra,India,Sì
630,Kuldip Singh Dhingra,India,Sì
631,Martin Ebner,Svizzera,Sì
632,Charles Edelstenne,Francia,Sì
633,Sergei Gordeev,Russia,Sì
634,Jeff T. Green,Stati Uniti,Sì
635,Reed Hastings,Stati Uniti,Sì
636,Bertil Hult,Svezia,Sì
637,Miguel Krigsner,Brasile,Sì
638,Sheldon Lavin,Stati Uniti,Sì
639,Yin Yee Lee,Cina,Sì
640,Vladimir Litvinenko,Russia,No
641,Daniel Mate,Spagna,No
642,Ravi Modi,India,Sì
643,Farhad Moshiri,Iran,Sì
644,Jonathan Nelson,Stati Uniti,Sì
645,Or Wai Sheun,Hong Kong,Sì
646,Sergei Popov,Russia,No
647,Renzo Rosso & famiglia,Italia,Sì
648,Rita Tong Liu,Hong Kong,Sì
649,Timur Turlov,Kazakistan,Sì
650,Frank VanderSloot,Stati Uniti,Sì
651,Yoo Jung-hyun,Corea del Sud,Sì
652,George Bishop,Stati Uniti,Sì
653,Norman Braman,Stati Uniti,Sì
654,Cai Dongchen,Cina,Sì
655,Todd Christopher,Stati Uniti,Sì
656,Mang Yee Chu & famiglia,Hong Kong,Sì
657,"William Conway, Jr.",Stati Uniti,Sì
658,Jean Coutu,Canada,No
659,Stephen Deckoff,Stati Uniti,Sì
660,Feng Hailiang,Cina,Sì
661,"Ernest Garcia, II.",Stati Uniti,Sì
662,Sam Goi,Singapore,Sì
663,Hui Ka Yan,Cina,No
664,Friedrich Knapp,Germania,No
665,Egor Kulkov,Russia,Sì
666,Lin Ming-hsiung,Taiwan,Sì
667,Lin Xiucheng,Cina,Sì
668,Gilles Martin,Francia,Sì
669,John Paulson,Stati Uniti,Sì
670,Guanghe Qiu,Cina,Sì
671,Erik Selin,Svezia,Sì
672,Yonghong Shi,Cina,Sì
673,Martua Sitorus,Indonesia,Sì
674,Guangxin Sun,Cina,Sì
675,Sukanto Tanoto,Indonesia,Sì
676,Gang Ye,Singapore,Sì
677,Ye Xiaoping,Cina,Sì
678,Lei Zhang,Cina,Sì
679,Zhu Gongshan,Cina,Sì
680,Isak Andic,Spagna,Sì
681,Cao Longxiang,Cina,Sì
682,"Roy Carroll, II.",Stati Uniti,Sì
683,John Caudwell,Regno Unito,Sì
684,James Clark,Stati Uniti,Sì
685,Jacques D'Amours,Canada,No
686,John Paul DeJoria,Stati Uniti,Sì
687,Bernard Ecclestone,Regno Unito,Sì
688,Michael Federmann,Germania,No
689,Gu Yuhua,Cina,Sì
690,Donald Horton,Stati Uniti,Sì
691,Zarakh Iliev,Russia,Sì
692,Li Jianquan,Cina,Sì
693,Li Li,Cina,Sì
694,Li Xiaohua,Cina,Sì
695,Liu Xiaodong,Cina,Sì
696,Martin Lorentzon,Svezia,Sì
697,Erwin Franz Mueller,Germania,No
698,Georg Nemetschek,Germania,Sì
699,God Nisanov,Russia,No
700,Gregorio Perez Companc,Argentina,No
701,Sebastian Piñera,Cile,No
702,Alexey Repik,Russia,Sì
703,Haim Saban,Israele,Sì
704,Rodney Sacks,Sudafrica,Sì
705,Karthik Sarma,India,Sì
706,Daniel Sundheim,Stati Uniti,Sì
707,Zhang Wenzhong,Cina,Sì
708,Zhou Jianping,Cina,Sì
709,Kang An,Cina,Sì
710,Garrett Camp,Canada,Sì
711,Chen Lip Keong,Malesia,Sì
712,Choo Chong Ngen,Singapore,Sì
713,Du Jiangtao,Cina,Sì
714,Li Weiguo,Cina,Sì
715,Dmitry Mazepin,Russia,No
716,Najib Mikati,Libano,Sì
717,Taha Mikati,Libano,Sì
718,Nandan Nilekani,India,Sì
719,Sean Parker,Stati Uniti,Sì
720,Su Hua,Cina,Sì
721,Sun Shoukuan,Cina,Sì
722,Meg Whitman,Stati Uniti,Sì
723,Wong Luen Hei,Hong Kong,Sì
724,Chenghai Ye,Cina,Sì
725,Zhu Xingming,Cina,Sì
726,Suhail Bahwan,Oman,Sì
727,Harindarpal Banga,India,Sì
728,Andrei Bokarev,Russia,No
729,Jack Cowin,Canada,Sì
730,Glenn Dubin,Stati Uniti,Sì
731,N. Murray Edwards,Canada,Sì
732,Bruce Flatt,Canada,Sì
733,Robert Friedland,Stati Uniti,Sì
734,Alexander Frolov,Russia,Sì
735,Nithin Kamath,India,Sì
736,Samvel Karapetyan,Russia,Sì
737,Kei Hoi Pang,Hong Kong,Sì
738,Yuri Kovalchuk,Russia,No
739,Hans Langer,Germania,Sì
740,Maritsa Lazari,Regno Unito,Sì
741,Li Zhongchu,Cina,Sì
742,Liang Yunchao,Cina,Sì
743,Vincent McMahon,Stati Uniti,Sì
744,Patrice Motsepe,Sudafrica,Sì
745,Denis O'Brien,Irlanda,Sì
746,Pan Dong,Cina,Sì
747,Karsanbhai Patel,India,Sì
748,Richard Peery,Stati Uniti,Sì
749,Wayne Rothbaum,Stati Uniti,Sì
750,Jeff Rothschild,Stati Uniti,Sì
751,Raj Sardana,India,Sì
752,Alexander Skorobogatko,Russia,No
753,Evan Spiegel,Stati Uniti,Sì
754,Glen Taylor,Stati Uniti,Sì
755,Thomas Tull,Stati Uniti,Sì
756,Bulat Utemuratov,Kazakistan,Sì
757,Wong Man Li,Hong Kong,Sì
758,Guangming Wu,Cina,Sì
759,Zhu Yi,Cina,Sì
760,Ben Ashkenazy,Israele,Sì
761,Felix Baker,Stati Uniti,Sì
762,Julian Baker,Stati Uniti,Sì
763,David Baszucki,Stati Uniti,Sì
764,Cen Junda,Cina,Sì
765,Chen Zhiping,Cina,Sì
766,Fernando Chico Pardo,Messico,Sì
767,Ray Davis,Stati Uniti,Sì
768,Deng Weiming,Cina,Sì
769,Stewart Horejsi,Stati Uniti,Sì
770,Hou Juncheng,Cina,Sì
771,Zhenda Huang,Cina,Sì
772,Dmitry Kamenshchik,Russia,No
773,Henry Laufer,Stati Uniti,Sì
774,Louis Le Duff,Francia,Sì
775,Mark Leonard,Regno Unito,Sì
776,Li Guoqiang,Cina,Sì
777,Li Yongxin,Cina,Sì
778,Peter Lim,Singapore,Sì
779,Sergio Mantegazza,Svizzera,No
780,Hans Melchers,Paesi Bassi,Sì
781,C. Dean Metropoulos,Stati Uniti,Sì
782,Falguni Nayar,India,Sì
783,Alexander Ponomarenko,Russia,Sì
784,Steven Sarowitz,Stati Uniti,Sì
785,Leonard Schleifer,Stati Uniti,Sì
786,Michael S. Smith,Stati Uniti,Sì
787,Zhao Lixin,Cina,Sì
788,Hongyi Zhou,Cina,Sì
789,S. Daniel Abraham,Stati Uniti,Sì
790,Thor Bjorgolfsson,Islanda,Sì
791,Herb Chambers,Stati Uniti,Sì
792,Cheng Yixiao,Cina,Sì
793,Andrew Cherng,Cina,Sì
794,Peggy Cherng,Cina,Sì
795,Leon G. Cooperman,Stati Uniti,Sì
796,Oleg Deripaska,Russia,No
797,Sergey Dmitriev,Russia,Sì
798,Joseph Edelman,Stati Uniti,Sì
799,Sandeep Engineer,India,Sì
800,Alceu Elias Feldmann,Brasile,Sì
801,Serge Godin,Canada,Sì
802,Alec Gores,Stati Uniti,Sì
803,J. Tomilson Hill,Stati Uniti,Sì
804,Jay-Z,Stati Uniti,Sì
805,Brad Kelley,Stati Uniti,Sì
806,Wolfgang Leitner,Austria,Sì
807,Li Hongxin,Cina,Sì
808,Lin Chen-hai,Cina,Sì
809,Lu Yiwen,Cina,Sì
810,Willy Michel,Svizzera,Sì
811,Bobby Murphy,Stati Uniti,Sì
812,Tomas Olivo Lopez,Spagna,Sì
813,Eren Ozmen,Turchia,Sì
814,Qiu Minxiu,Cina,Sì
815,Wenrong Shen,Cina,Sì
816,Yuzhu Shi,Cina,Sì
817,Jeff Sutton,Stati Uniti,Sì
818,Andrew Tan,Malesia,Sì
819,Arvind Tiku,India,Sì
820,Byron Trott,Stati Uniti,Sì
821,Peter Unger,Stati Uniti,Sì
822,Roger Wang,Stati Uniti,Sì
823,Oprah Winfrey,Stati Uniti,Sì
824,Wu Zhigang,Cina,Sì
825,Xie Weitong,Cina,Sì
826,Ye Guofu,Cina,Sì
827,Brian Acton,Stati Uniti,Sì
828,Koos Bekker,Sudafrica,Sì
829,Chen Tei-fu,Taiwan,Sì
830,Marcel Erni,Svizzera,Sì
831,Doris Fisher,Stati Uniti,No
832,Gerald Ford,Stati Uniti,No
833,Bernard Fraisse,Francia,Sì
834,Alfred Gantner,Svizzera,Sì
835,Paul Gauselmann,Germania,Sì
836,Mitchell Goldhar,Canada,Sì
837,Peter Hargreaves,Regno Unito,Sì
838,Xuande Hua,Cina,Sì
839,Kalanithi Maran,India,Sì
840,Jed McCaleb,Stati Uniti,Sì
841,Fatih Ozmen,Turchia,Sì
842,Pan Laican,Cina,Sì
843,Tor Peterson,Stati Uniti,Sì
844,Jinxing Qi,Cina,Sì
845,Qiu Jianping,Cina,Sì
846,Matthias Reinhart,Svizzera,Sì
847,Arnout Schuijff,Paesi Bassi,Sì
848,Lucio Tan,Filippine,Sì
849,Tsai Ming-kai,Taiwan,Sì
850,David Walentas,Stati Uniti,Sì
851,Urs Wietlisbach,Svizzera,Sì
852,Jerry Yang,Taiwan,Sì
853,Yang Jianliang,Cina,Sì
854,Yang Weidong,Cina,Sì
855,Mortimer Zuckerman,Canada,Sì
856,John Armitage,Regno Unito,Sì
857,John Bicket,Stati Uniti,Sì
858,Sanjit Biswas,Stati Uniti,Sì
859,Timothy Boyle,Stati Uniti,Sì
860,Morris Chang,Taiwan,Sì
861,Chao Teng-hsiung,Taiwan,Sì
862,Samuel Chen,Taiwan,Sì
863,Chu Lam Yiu,Hong Kong,Sì
864,K. Dinesh,India,Sì
865,James Duff,Stati Uniti,Sì
866,Thomas Duff,Stati Uniti,Sì
867,Daniel Ek,Svezia,Sì
868,Erman Ilicak,Turchia,Sì
869,Long Jiang,Cina,Sì
870,Bruce Karsh,Stati Uniti,Sì
871,Bom Kim,Corea del Sud,Sì
872,Jianping Lai,Cina,Sì
873,Lam Kong,Cina,Sì
874,Stephen Lansdown,Regno Unito,Sì
875,Li Haiyan,Cina,Sì
876,Hua Li,Cina,Sì
877,Clayton Mathile,Stati Uniti,Sì
878,Mi Enhua,Cina,Sì
879,Vadim Moshkovich,Russia,Sì
880,David Murdock,Stati Uniti,Sì
881,David Nahmad,Israele,Sì
882,Lirio Parisotto,Brasile,Sì
883,Tang Yiu,Hong Kong,Sì
884,Tian Ming,Cina,Sì
885,Jayshree Ullal,India,Sì
886,Lang Walker,Australia,Sì
887,Xicheng Wang,Cina,Sì
888,Wang Zhenhua,Cina,Sì
889,Paul-Heinz Wesjohann,Germania,Sì
890,Xie Bingkun,Cina,Sì
891,Xu Shugen,Cina,Sì
892,Zhang Jingzhang,Cina,Sì
893,George Argyros,Stati Uniti,Sì
894,Brian Armstrong,Stati Uniti,Sì
895,Albert Avdolyan,Russia,Sì
896,Sezai Bacaksiz,Turchia,Sì
897,Aneel Bhusri,Stati Uniti,Sì
898,Brett Blundy,Australia,Sì
899,Chen Xueli,Cina,Sì
900,Dermot Desmond,Irlanda,Sì
901,Dong Wei,Cina,Sì
902,Tom Ford,Stati Uniti,Sì
903,Fu Guangming,Cina,Sì
904,Noam Gottesman,Regno Unito,Sì
905,Jeffrey Gundlach,Stati Uniti,Sì
906,Hao Hong,Cina,Sì
907,Hans-Werner Hector,Germania,Sì
908,Lutz Mario Helmig,Germania,Sì
909,Chulong Huang,Cina,Sì
910,James Jannard,Stati Uniti,Sì
911,Willis Johnson,Stati Uniti,Sì
912,Lai Shixian,Cina,Sì
913,Chris Larsen,Stati Uniti,Sì
914,Solomon Lew,Australia,Sì
915,Liang Xinjun,Cina,Sì
916,Max Lytvyn,Ucraina,Sì
917,Igor Makarov,Russia,Sì
918,Howard Marks,Stati Uniti,Sì
919,Charles Munger,Stati Uniti,No
920,Adam Neumann,Israele,Sì
921,Thi Phuong Thao Nguyen,Vietnam,Sì
922,Ni Yongpei,Cina,Sì
923,Qi Xiangdong,Cina,Sì
924,Phillip T. (Terry) Ragon,Stati Uniti,Sì
925,Prathap Reddy,India,Sì
926,Jerry Reinsdorf,Stati Uniti,Sì
927,Chad Richison,Stati Uniti,Sì
928,"Karl Scheufele, III.",Svizzera,No
929,Alice Schwartz,Stati Uniti,Sì
930,Alex Shevchenko,Ucraina,Sì
931,Kavitark Ram Shriram,India,Sì
932,William Stone,Stati Uniti,Sì
933,Henry Swieca,Stati Uniti,Sì
934,Katsumi Tada,Giappone,Sì
935,Tang Jinkui,Cina,Sì
936,Tang Xiao'ou,Cina,Sì
937,Wang Wenmo,Cina,Sì
938,Wang Zhenghua,Cina,Sì
939,Kai Wu,Cina,Sì
940,Xu Yingzhuo,Cina,Sì
941,Yeung Kin-man,Hong Kong,Sì
942,Huijiao Yu,Cina,Sì
943,Oren Zeev,Israele,Sì
944,Zhao Fenggang,Cina,Sì
945,Alex Beard,Regno Unito,Sì
946,Travis Boersma,Stati Uniti,Sì
947,William Boyd,Stati Uniti,Sì
948,Cao Ji,Cina,Sì
949,Bruce Cheng,Taiwan,Sì
950,Daniel Chiu,Cina,Sì
951,Beda Diethelm,Svizzera,Sì
952,Domenico Dolce,Italia,Sì
953,Ralph Dommermuth,Germania,Sì
954,Georgi Domuschiev,Bulgaria,Sì
955,Kiril Domuschiev,Bulgaria,Sì
956,Bob Ell,Australia,Sì
957,Paul Foster,Stati Uniti,Sì
958,Stefano Gabbana,Italia,Sì
959,Xingjiang Gao,Cina,Sì
960,Kamal Ghaffarian,Iran,Sì
961,Dennis Gillings,Regno Unito,Sì
962,Stein Erik Hagen,Norvegia,Sì
963,Huang Min,Cina,Sì
964,Jared Isaacman,Stati Uniti,Sì
965,Eugene Kaspersky,Russia,Sì
966,Artem Khachatryan,Armenia,Sì
967,Andrei Krivenko,Russia,Sì
968,Lam Wai-ying,Hong Kong,Sì
969,Marc Lasry,Marocco,Sì
970,Christian Latouche,Francia,Sì
971,Theodore Leonsis,Stati Uniti,Sì
972,Liu Chengyu,Cina,Sì
973,Sergey Lomakin,Russia,Sì
974,Daniel Lubetzky,Messico,Sì
975,Melissa Ma,Cina,Sì
976,Kiran Mazumdar-Shaw,India,Sì
977,Mu Rongjun,Cina,Sì
978,Eugene Murtagh,Irlanda,Sì
979,Alexander Nesis,Russia,Sì
980,Zugen Ni,Cina,Sì
981,Florentino Perez,Spagna,No
982,Victor Pinchuk,Ucraina,Sì
983,Leonid Radvinsky,Ucraina,Sì
984,Raveendran Byju,India,Sì
985,P.P. Reddy,India,Sì
986,Richard Saghian,Stati Uniti,Sì
987,Shi Yifeng,Cina,Sì
988,Thaksin Shinawatra,Thailandia,Sì
989,Shu Ping,Cina,Sì
990,Timothy Springer,Stati Uniti,Sì
991,Edward Stack,Stati Uniti,Sì
992,Sun Mengquan,Cina,Sì
993,Alexander Svetakov,Russia,Sì
994,Torsten Toeller,Germania,Sì
995,Hamdi Ulukaya,Turchia,Sì
996,Wang Linpeng,Cina,Sì
997,Wei Ing-Chou,Taiwan,Sì
998,Wei Yin-Chun,Taiwan,Sì
999,Wei Yin-Heng,Taiwan,Sì
1000,Wei Ying-Chiao,Taiwan,Sì
1001,Elaine Wynn,Stati Uniti,No
1002,Xu Xudong,Cina,Sì
1003,Michael Ying,Hong Kong,Sì
1004,Yu Qibing,Cina,Sì
1005,Yuan Fugen,Cina,Sì
1006,Zhang Ning,Cina,Sì
1007,Mohamed Al Fayed,Egitto,Sì
1008,Andrey Andreev,Russia,Sì
1009,Michael Ashcroft,Regno Unito,Sì
1010,Pavel Baudis,Repubblica Ceca,Sì
1011,Wilhelm Beier,Germania,No
1012,Cao Jianwei,Cina,Sì
1013,Huwen Chen,Cina,Sì
1014,Dou Zhenggang,Cina,Sì
1015,William Franke,Stati Uniti,Sì
1016,Hu Yangzhong,Cina,Sì
1017,Huang Dawen,Cina,Sì
1018,Huang Qiaoling,Cina,Sì
1019,Rajiv Jain,India,Sì
1020,Michael Jordan,Stati Uniti,Sì
1021,Shlomo Kramer,Israele,Sì
1022,Heikki Kyostila,Finlandia,Sì
1023,Martin Lau,Hong Kong,Sì
1024,Li Min,Cina,Sì
1025,Liang Rubo,Cina,Sì
1026,Lin Fanlian,Cina,Sì
1027,Bill Malhotra,Canada,Sì
1028,Alexander Mamut,Russia,Sì
1029,Cunhui Nan,Cina,Sì
1030,Tengyun Nie,Cina,Sì
1031,Clive Palmer,Australia,Sì
1032,Matthew Prince,Stati Uniti,Sì
1033,P.V. Krishna Reddy,India,Sì
1034,T. Denny Sanford,Stati Uniti,Sì
1035,Bhadresh Shah,India,Sì
1036,Zygmunt Solorz-Zak,Polonia,Sì
1037,Otto Toto Sugiri,Indonesia,Sì
1038,Larry Tanenbaum,Canada,Sì
1039,Wichai Thongtang,Thailandia,Sì
1040,Ion Tiriac,Romania,Sì
1041,William Young,Stati Uniti,Sì
1042,Ales Zavoral,Repubblica Ceca,Sì
1043,Zhang Fan,Cina,Sì
1044,Shilong Zhang,Cina,Sì
1045,Zhang Wanzhen,Cina,Sì
1046,Hongfei Zhao,Cina,Sì
1047,Zhou Jian,Cina,Sì
1048,Zhu Yiwen,Cina,Sì
1049,Mika Anttonen,Finlandia,Sì
1050,David Blitzer,Stati Uniti,Sì
1051,Julio Bozano,Brasile,Sì
1052,Nikolai Buinov,Russia,Sì
1053,Jianxing Che,Cina,Sì
1054,Huxiong Chen,Cina,Sì
1055,Chen Qiongxiang,Cina,Sì
1056,Chen Zhisong,Cina,Sì
1057,James Dinan,Stati Uniti,Sì
1058,Dong Fan,Cina,Sì
1059,Eduardo Eurnekian,Argentina,Sì
1060,Guo Zhenyu,Cina,Sì
1061,Roberto Hernandez Ramirez,Messico,Sì
1062,Reid Hoffman,Stati Uniti,Sì
1063,Hu Rongda,Cina,Sì
1064,Hui Wing Mau,Hong Kong,Sì
1065,Scott Kapnick,Stati Uniti,Sì
1066,Richard Kayne,Stati Uniti,Sì
1067,Edward Lampert,Stati Uniti,Sì
1068,David Lichtenstein,Stati Uniti,Sì
1069,Lin Dingqiang,Cina,Sì
1070,Strive Masiyiwa,Zimbabwe,Sì
1071,Robert Miller,Canada,Sì
1072,Simon Nixon,Regno Unito,Sì
1073,Kentaro Ogawa,Giappone,Sì
1074,G. Rajendran,India,Sì
1075,Ren Jianhua,Cina,Sì
1076,Larry Robbins,Stati Uniti,Sì
1077,Dwight Schar,Stati Uniti,Sì
1078,Shao Jianxiong,Cina,Sì
1079,Qinxiang Shao,Cina,Sì
1080,Hua Shen,Cina,Sì
1081,Shi Wen-long,Taiwan,Sì
1082,Peter Sondakh,Indonesia,Sì
1083,Masateru Uno,Giappone,Sì
1084,Vardis Vardinoyannis,Grecia,No
1085,Wang Chaobin,Cina,Sì
1086,Wang Ren-sheng,Cina,Sì
1087,Chuanhua Xu,Cina,Sì
1088,Gavril Yushvaev,Russia,Sì
1089,Zhang Hongwei,Cina,Sì
1090,Cameron Adams,Australia,Sì
1091,Faisal Bin Qassim Al Thani,Qatar,Sì
1092,Leslie Alexander,Stati Uniti,Sì
1093,Masaaki Arai,Giappone,Sì
1094,Sanjeev Bikhchandani,India,Sì
1095,O. Francis Biondi,Stati Uniti,Sì
1096,R.G. Chandramogan,India,Sì
1097,Parker Conrad,Stati Uniti,Sì
1098,Tim Cook,Stati Uniti,Sì
1099,Mark Coombs,Regno Unito,Sì
1100,John de Mol,Paesi Bassi,No
1101,Diao Zhizhong,Cina,Sì
1102,Robert Duggan,Stati Uniti,Sì
1103,Phillip Frost,Stati Uniti,Sì
1104,Brian Higgins,Stati Uniti,Sì
1105,Wei Huang,Cina,Sì
1106,Yintai Jiang,Cina,Sì
1107,Lei Jin,Cina,Sì
1108,Jin Lei,Cina,Sì
1109,Valentin Kipyatkov,Russia,Sì
1110,George Kurtz,Stati Uniti,Sì
1111,Joe Lacob,Stati Uniti,Sì
1112,Joe Lau,Hong Kong,Sì
1113,Luo Yangyong,Cina,Sì
1114,Gary Michelson,Stati Uniti,Sì
1115,Robert G. Miller,Stati Uniti,No
1116,David Mindus,Svezia,Sì
1117,Adriaan Mol,Paesi Bassi,Sì
1118,Mofatraj Munot,India,Sì
1119,Satyanarayan Nuwal,India,Sì
1120,Nihat Ozdemir,Turchia,Sì
1121,Benjamin Zhengmin Pan,Cina,Sì
1122,Ronald Perelman,Stati Uniti,No
1123,Olivier Pomel,Francia,Sì
1124,Vinod Saraf,India,Sì
1125,Anatoly Sedykh,Russia,Sì
1126,Genhuo Shao,Cina,Sì
1127,Shen Xiqiang,Cina,Sì
1128,S.D. Shibulal,India,Sì
1129,Bambang Sutantio,Indonesia,Sì
1130,Sze Man Bok,Hong Kong,Sì
1131,Jim Thompson,Stati Uniti,Sì
1132,Tran Dinh Long,Vietnam,Sì
1133,Alan Trefler,Stati Uniti,Sì
1134,Riaz Valani,Stati Uniti,Sì
1135,Pieter van der Does,Paesi Bassi,Sì
1136,Nikil Viswanathan,Stati Uniti,Sì
1137,Todd Wagner,Stati Uniti,Sì
1138,Evan Williams,Stati Uniti,Sì
1139,Wu Yingming,Cina,Sì
1140,Yan Zhi,Cina,Sì
1141,Yoshiaki Yoshida,Giappone,Sì
1142,Zhang Li,Cina,Sì
1143,Marc Andreessen,Stati Uniti,Sì
1144,Giovanni Arvedi,Italia,Sì
1145,Bang Si-hyuk,Corea del Sud,Sì
1146,David Booth,Stati Uniti,Sì
1147,Jim Breyer,Stati Uniti,Sì
1148,Chen Kaichen,Cina,Sì
1149,Carl DeSantis,Stati Uniti,Sì
1150,Marek Dospiva,Repubblica Ceca,Sì
1151,Keith Dunleavy,Stati Uniti,Sì
1152,Yasuhiro Fukushima,Giappone,Sì
1153,Mario Gabelli,Stati Uniti,Sì
1154,John Goff,Stati Uniti,Sì
1155,Alexandre Grendene Bartelle,Brasile,Sì
1156,Gerry Harvey,Australia,Sì
1157,He Zhaoxi,Cina,Sì
1158,William Heinecke,Stati Uniti,Sì
1159,Jay Hennick,Canada,Sì
1160,Hal Jackman,Canada,No
1161,Keeree Kanjanapas,Thailandia,Sì
1162,Osman Kibar,Turchia,Sì
1163,Kim Chang-soo,Corea del Sud,Sì
1164,Mustafa Kucuk,Turchia,Sì
1165,Lai Jianfa,Cina,Sì
1166,Alexis Lê-Quôc,Francia,Sì
1167,Lei Jufang,Cina,Sì
1168,James Leininger,Stati Uniti,Sì
1169,Xuhui Li,Cina,Sì
1170,Jimmy John Liautaud,Stati Uniti,Sì
1171,Lin Lairong,Cina,Sì
1172,Lu Di,Cina,Sì
1173,Palmer Luckey,Stati Uniti,Sì
1174,Duncan MacMillan,Stati Uniti,Sì
1175,Yusaku Maezawa,Giappone,Sì
1176,Ilson Mateus,Brasile,Sì
1177,Meng Qingshan,Cina,Sì
1178,Alberto Palatchi,Spagna,No
1179,Dragos Paval,Romania,Sì
1180,Jorge Perez,Stati Uniti,Sì
1181,Dmitry Pumpyansky,Russia,Sì
1182,Jinsheng Ren,Cina,Sì
1183,Ruan Shuilong,Cina,Sì
1184,Paul Saville,Stati Uniti,Sì
1185,Ivan Savvidis,Grecia,Sì
1186,Keiichi Shibahara,Giappone,Sì
1187,Rajju Shroff,India,Sì
1188,Sun Huaiqing,Cina,Sì
1189,Alain Taravella,Francia,Sì
1190,Kenneth Tuchman,Stati Uniti,Sì
1191,Wang Chou-hsiong,Taiwan,Sì
1192,Wang Minwen,Cina,Sì
1193,Tom Werner,Stati Uniti,Sì
1194,Stephen Winn,Stati Uniti,Sì
1195,Wu Lanlan,Cina,Sì
1196,Xu Bingzhong,Cina,Sì
1197,Yang Xuegang,Cina,Sì
1198,Vladimir Yevtushenkov,Russia,No
1199,David Zalik,Israele,Sì
1200,Zhang Xiaojuan,Cina,Sì
1201,Zheng Xiaodong,Cina,Sì
1202,Zhong Ruonong,Cina,Sì
1203,Noubar Afeyan,Libano,Sì
1204,Syed Mokhtar AlBukhary,Malesia,Sì
1205,Vasily Anisimov,Russia,Sì
1206,Clifford Asness,Stati Uniti,Sì
1207,Louis Bacon,Stati Uniti,Sì
1208,Bai Baokun,Cina,Sì
1209,Josef Boquoi,Germania,No
1210,Cai Huabo,Cina,Sì
1211,Chen Tianshi,Cina,Sì
1212,Chen Yung-tai,Taiwan,Sì
1213,Ivan Chrenko,Slovacchia,Sì
1214,Robert Clark,Stati Uniti,Sì
1215,Jack Cockwell,Sudafrica,Sì
1216,Tench Coxe,Stati Uniti,Sì
1217,Jim Crane,Stati Uniti,Sì
1218,Norbert Dentressangle,Francia,No
1219,Jamie Dimon,Stati Uniti,No
1220,Daniel Dines,Romania,Sì
1221,Gary Fegel,Svizzera,Sì
1222,"William Foley, II.",Stati Uniti,Sì
1223,Richard Fortin,Canada,No
1224,Gao Yi,Cina,Sì
1225,Bill Gross,Stati Uniti,Sì
1226,Irving Grousbeck,Stati Uniti,Sì
1227,David Hoffmann,Stati Uniti,Sì
1228,Hui Lin Chit,Hong Kong,Sì
1229,Tianjiang Jia,Cina,Sì
1230,Zhaobai Jiang,Cina,Sì
1231,Sergei Katsiev,Russia,Sì
1232,Kim Jae-young,Corea del Sud,Sì
1233,Randal J. Kirk,Stati Uniti,Sì
1234,Pyotr Kondrashev,Russia,Sì
1235,Eiichi Kuriwada,Giappone,Sì
1236,Robert Langer,Stati Uniti,Sì
1237,Anthony Langley,Regno Unito,Sì
1238,Li Sze Lim,Hong Kong,Sì
1239,Li Wa,Cina,Sì
1240,Li Weiwei,Cina,Sì
1241,Liang Qin,Cina,Sì
1242,Terence (Terry) Matthews,Canada,Sì
1243,Jim McKelvey,Stati Uniti,Sì
1244,P.N.C. Menon,India,Sì
1245,Stefan Pierer,Austria,Sì
1246,Michael Polsky,Stati Uniti,Sì
1247,Sathien Sathientham,Thailandia,Sì
1248,Shang Xiaobo,Cina,Sì
1249,Yuri Shefler,Russia,Sì
1250,Evgeny (Eugene) Shvidler,Russia,Sì
1251,Ryan Smith,Stati Uniti,Sì
1252,Zakhar Smushkin,Russia,Sì
1253,Michael Tojner,Austria,Sì
1254,August Troendle,Stati Uniti,Sì
1255,Sekar Vembu,India,Sì
1256,Chris Wallin,Australia,Sì
1257,Wang Changtian,Cina,Sì
1258,Ning Wang,Cina,Sì
1259,Scott Watterson,Stati Uniti,Sì
1260,Dan Wilks,Stati Uniti,Sì
1261,Anthony Wood,Stati Uniti,Sì
1262,Wu Ying,Cina,Sì
1263,Wu Yulan,Cina,Sì
1264,Zhongyi Wu,Cina,Sì
1265,Xiang Guangming,Cina,Sì
1266,Xue Xiangdong,Cina,Sì
1267,George Yancopoulos,Stati Uniti,Sì
1268,Steven Meng Yang,Cina,Sì
1269,Ye Fan,Cina,Sì
1270,Yi Dasheng,Cina,Sì
1271,Yu Lili,Cina,Sì
1272,Zeng Kaitian,Cina,Sì
1273,Zhang Xuexin,Cina,Sì
1274,Yubai Zhang,Cina,Sì
1275,Fredrik Österberg,Svezia,Sì
1276,Hamdi Akin,Turchia,Sì
1277,Nerio Alessandri,Italia,Sì
1278,Mori Arkin,Israele,Sì
1279,Zadik Bino,Israele,Sì
1280,Ahmet Calik,Turchia,Sì
1281,Safra Catz,Israele,Sì
1282,Chu Jian,Cina,Sì
1283,Sandor Csanyi,Ungheria,Sì
1284,Bharat Desai,India,Sì
1285,Egon Durban,Stati Uniti,Sì
1286,Fu Mingkang,Cina,Sì
1287,Alan Gerry,Stati Uniti,Sì
1288,Philippe Ginestet,Francia,Sì
1289,G. Gnanalingam,Malesia,Sì
1290,Wei Gu,Cina,Sì
1291,Patrick Hanrahan,Stati Uniti,Sì
1292,Kenneth Hao,Stati Uniti,Sì
1293,Jaroslav Hascak,Slovacchia,Sì
1294,He Zhenggang,Cina,Sì
1295,Niranjan Hiranandani,India,Sì
1296,Ho Hung Anh,Vietnam,Sì
1297,Archie Hwang,Taiwan,Sì
1298,Peter Jackson,Regno Unito,Sì
1299,Stephen Jarislowsky,Germania,Sì
1300,Rajeev Juneja,India,Sì
1301,Ramesh Juneja,India,Sì
1302,Ke Xiping,Cina,Sì
1303,Kim Jun-ki,Corea del Sud,Sì
1304,Sidney Kimmel,Stati Uniti,Sì
1305,Jim Koch,Stati Uniti,Sì
1306,Raj Kumar,India,Sì
1307,Li Jianli,Cina,Sì
1308,Li Jiaquan,Cina,Sì
1309,Li Rucheng,Cina,Sì
1310,Li Shui-po,Cina,Sì
1311,Scott Lin,Taiwan,Sì
1312,Liu Xiucai,Cina,Sì
1313,Lu Zhongfang,Cina,Sì
1314,Lu Zongjun,Cina,Sì
1315,Youssef Mansour,Egitto,No
1316,Bruce Mathieson,Australia,Sì
1317,Romano Minozzi,Italia,Sì
1318,Greg Mondre,Stati Uniti,Sì
1319,Mario Moretti Polegato,Italia,Sì
1320,Jerry Moyes,Stati Uniti,Sì
1321,John Ocampo,Filippine,Sì
1322,Nelson Peltz,Stati Uniti,Sì
1323,Mike Repole,Stati Uniti,Sì
1324,Christopher Rokos,Regno Unito,Sì
1325,John Ruiz,Stati Uniti,Sì
1326,Sheryl Sandberg,Stati Uniti,Sì
1327,Amnon Shashua,Israele,Sì
1328,Ben Silbermann,Stati Uniti,Sì
1329,Ron Sim,Singapore,Sì
1330,Leonid Simanovsky,Russia,No
1331,Basudeo Singh,India,Sì
1332,Frank Slootman,Paesi Bassi,Sì
1333,Terry Snow,Stati Uniti,Sì
1334,Axel Stawski,Germania,No
1335,Thomas Steyer,Stati Uniti,Sì
1336,Sergei Studennikov,Russia,Sì
1337,Su Suyu,Cina,Sì
1338,Kevin Systrom,Stati Uniti,Sì
1339,Tan Lili,Cina,Sì
1340,Tang Binsen,Cina,Sì
1341,Tang Rui,Cina,Sì
1342,Prachak Tangkaravakoon,Thailandia,Sì
1343,Jeff Tangney,Stati Uniti,Sì
1344,Yuequn Tao,Cina,Sì
1345,David Teoh,Australia,Sì
1346,Tran Ba Duong,Vietnam,Sì
1347,Kenny Troutt,Stati Uniti,Sì
1348,Jens von Bahr,Svezia,Sì
1349,Wang Junmin,Cina,Sì
1350,Weng Xianding,Cina,Sì
1351,Farris Wilks,Stati Uniti,Sì
1352,Gordon Wu,Hong Kong,Sì
1353,Xiong Wu,Cina,Sì
1354,Xu Zhenhua,Cina,Sì
1355,Xu Zhihan,Cina,Sì
1356,Tingdong Yang,Cina,Sì
1357,Michael Minhong Yu,Cina,Sì
1358,Justin Yuan,Cina,Sì
1359,Zhang Bangxin,Cina,Sì
1360,Zhang Hong,Cina,Sì
1361,Zhou Zongwen,Cina,Sì
1362,Alberto Alcocer,Spagna,No
1363,Nigel Austin,Australia,Sì
1364,Binny Bansal,India,Sì
1365,Girdhari Lal Bawri,India,Sì
1366,John Bloor,Regno Unito,Sì
1367,Vladimir Bogdanov,Russia,No
1368,Cai Jianyong,Cina,Sì
1369,Steve Case,Stati Uniti,Sì
1370,Chen Wenyuan,Cina,Sì
1371,Chua Thian Poh,Singapore,Sì
1372,Sasson Dayan,Israele,Sì
1373,Chris Ellison,Australia,Sì
1374,John Farber,Stati Uniti,Sì
1375,J. Christopher Flowers,Stati Uniti,Sì
1376,Reinold Geiger,Austria,Sì
1377,Ali Ghodsi,Iran,Sì
1378,Guan Yihong,Cina,Sì
1379,Rajinder Gupta,India,Sì
1380,Torstein Hagen,Norvegia,Sì
1381,Alfredo Harp Helu,Messico,Sì
1382,He Xiaopeng,Cina,Sì
1383,Drew Houston,Stati Uniti,Sì
1384,Huang Jinxiang,Cina,Sì
1385,Rameshchandra Jain,India,Sì
1386,Ke Zunhong,Cina,Sì
1387,Kim Taek-jin,Corea del Sud,Sì
1388,Koh Wee Meng,Singapore,Sì
1389,Sergei Kolesnikov,Russia,Sì
1390,Michael Lee-Chin,Canada,Sì
1391,Bernard Lewis,Stati Uniti,No
1392,William Li,Cina,Sì
1393,Liu Fangyi,Cina,Sì
1394,K.C. Liu,Taiwan,Sì
1395,Liu Ming Chung,Hong Kong,Sì
1396,Anatoly Lomakin,Russia,Sì
1397,Lucia Maggi,Brasile,No
1398,Mao Lixiang,Cina,Sì
1399,David McMurtry,Regno Unito,Sì
1400,Miao Shouliang,Cina,Sì
1401,Miao Yongjun,Cina,Sì
1402,Marius Nacht,Israele,Sì
1403,Vadim Novinsky,Russia,No
1404,Pan Longquan,Cina,Sì
1405,Pan Shiyi,Cina,Sì
1406,David Paul,Stati Uniti,Sì
1407,Qian Jinghong,Cina,Sì
1408,Qin Long,Cina,Sì
1409,M. Satyanarayana Reddy,India,Sì
1410,Mochtar Riady,Indonesia,Sì
1411,Rihanna,Barbados,Sì
1412,Boris Rotenberg,Russia,No
1413,Subhash Runwal,India,Sì
1414,Igor Rybakov,Russia,Sì
1415,Martin Selig,Stati Uniti,Sì
1416,Airat Shaimiev,Russia,Sì
1417,Radik Shaimiev,Russia,Sì
1418,Nobutoshi Shimamura,Giappone,Sì
1419,Jared Smith,Stati Uniti,Sì
1420,Jianyi Wang,Cina,Sì
1421,Wang Jilei,Cina,Sì
1422,Shuifu Wang,Cina,Sì
1423,Werner O. Weber,Germania,Sì
1424,"Alfred West, Jr.",Stati Uniti,Sì
1425,Bo Wu,Cina,Sì
1426,Wu Chaoqun,Cina,Sì
1427,Swift Xie,Cina,Sì
1428,Xu Guozhong,Cina,Sì
1429,Yao Kuizhang,Cina,Sì
1430,Yu Peidi,Cina,Sì
1431,Zhang Chuanwei,Cina,Sì
1432,Zhang Keqiang,Cina,Sì
1433,Zhang Xin,Cina,Sì
1434,Xinghai Zhang,Cina,Sì
1435,Zheng Jianjiang,Cina,Sì
1436,Zhong Sheng Jian,Cina,Sì
1437,Zhou Chengjian,Cina,Sì
1438,Boris Zingarevich,Russia,No
1439,A. Jayson Adair,Stati Uniti,Sì
1440,Soegiarto Adikoesoemo,Indonesia,Sì
1441,Rajendra Agarwal,India,Sì
1442,Anant Asavabhokhin,Thailandia,Sì
1443,Roman Avdeev,Russia,Sì
1444,Ziv Aviram,Israele,Sì
1445,Sachin Bansal,India,Sì
1446,Kiki Barki,Indonesia,Sì
1447,Elena Baturina,Russia,No
1448,Banwari Lal Bawri,India,Sì
1449,Stewart Butterfield,Canada,Sì
1450,Cai Mingtong,Cina,Sì
1451,Anthony Casalena,Stati Uniti,Sì
1452,Chang Jianming,Cina,Sì
1453,Richard Chang,Taiwan,Sì
1454,Chen Xuehua,Cina,Sì
1455,Chen Yin,Cina,Sì
1456,Chin Jong Hwa,Taiwan,Sì
1457,R. Marcelo Claure,Bolivia,Sì
1458,Alberto Cortina,Spagna,No
1459,Eduardo Costantini,Argentina,Sì
1460,Wenjun Dai,Cina,Sì
1461,Anand Deshpande,India,Sì
1462,Aydin Dogan,Turchia,Sì
1463,Weimin Du,Cina,Sì
1464,Timothy Dunn,Stati Uniti,Sì
1465,Keiko Erikawa,Giappone,Sì
1466,Yoichi Erikawa,Giappone,Sì
1467,Philip Fayer,Canada,Sì
1468,Marvy Finger,Stati Uniti,Sì
1469,Joel Greenberg,Stati Uniti,Sì
1470,He Zhiping,Cina,Sì
1471,Hoi Kin Hong,Hong Kong,Sì
1472,Gregg Hymowitz,Stati Uniti,Sì
1473,Anurang Jain,India,Sì
1474,Jiang Guiting,Cina,Sì
1475,Jin Xin,Cina,Sì
1476,Conni Jonsson,Svezia,Sì
1477,George Joseph,India,Sì
1478,Laurent Junique,Francia,Sì
1479,Zbigniew Juroszek,Polonia,Sì
1480,Alexander Karp,Stati Uniti,Sì
1481,Joe Kiani,Stati Uniti,Sì
1482,Seth Klarman,Stati Uniti,Sì
1483,Kagemasa Kozuki,Giappone,Sì
1484,Michael Krasny,Stati Uniti,Sì
1485,Eduard Kucera,Repubblica Ceca,Sì
1486,Kristo Käärmann,Estonia,Sì
1487,Lee Hae-jin,Corea del Sud,Sì
1488,Art Levinson,Stati Uniti,Sì
1489,Li Denghai,Cina,Sì
1490,Fengluan Li,Cina,Sì
1491,Li Yongqing,Cina,Sì
1492,Li Zhigang,Cina,Sì
1493,Liu Gexin,Cina,Sì
1494,Lu Hongyan,Cina,Sì
1495,Lv Jianming,Cina,Sì
1496,Yasseen Mansour,Egitto,No
1497,Charlwin Mao,Cina,Sì
1498,George Marcus,Stati Uniti,S
1499,Yves-Loic Martin,Francia,Sì
1500,Carsten Maschmeyer,Germania,Sì
1501,Martin Moller Nielsen,Danimarca,Sì
1502,Jahm Najafi,Iran,Sì
1503,Randal Nardone,Stati Uniti,Sì
1504,Nguyen Dang Quang,Vietnam,Sì
1505,Kazuo Okada,Giappone,Sì
1506,John Oyler,Stati Uniti,Sì
1507,George Pedersen,Stati Uniti,Sì
1508,Qu Miranda,Cina,Sì
1509,Jupally Rameshwar Rao,India,Sì
1510,G. M. Rao,India,Sì
1511,P.V. Ramprasad Reddy,India,Sì
1512,Igor Rotenberg,Russia,No
1513,Seifeddin Rustamov,Russia,Sì
1514,Hajime Satomi,Giappone,Sì
1515,James Scapa,Stati Uniti,Sì
1516,Devi Shetty,India,Sì
1517,Albert Shigaboutdinov,Russia,Sì
1518,Denis Shtengelov,Russia,Sì
1519,Fei Song,Cina,Sì
1520,Konstantin Strukov,Russia,No
1521,Rustem Sulteev,Russia,Sì
1522,Clemens Toennies,Germania,No
1523,John Van Lieshout,Australia,Sì
1524,Pongsak Viddayakorn,Thailandia,Sì
1525,Wang Jianguo,Cina,Sì
1526,Junjin Wang,Cina,Sì
1527,Wang Mingwang,Cina,Sì
1528,Wei Lidong,Cina,Sì
1529,Myron Wentz,Stati Uniti,Sì
1530,Wu Xiaoge,Cina,Sì
1531,Wu Xushun,Cina,Sì
1532,Xiong Xiaochuan,Cina,Sì
1533,Xu Shaochun,Cina,Sì
1534,Yan Jane,Cina,Sì
1535,Zeng Chaoyi,Cina,Sì
1536,Peng Zhao,Cina,Sì
1537,Zhao Tongtong,Cina,Sì
1538,Kostyantin Zhevago,Ucraina,Sì
1539,Zong Yanmin,Cina,Sì
1540,Sanjay Agarwal,India,Sì
1541,Joao Alves de Queiroz Filho,Brasile,Sì
1542,Michael Arougheti,Stati Uniti,Sì
1543,Tope Awotona,Nigeria,Sì
1544,Mehmet Aydinlar,Turchia,Sì
1545,Bai Houshan,Cina,Sì
1546,Thomas Bailey,Stati Uniti,Sì
1547,Jeffrey Cheah,Malesia,Sì
1548,Chen Xianbao,Cina,Sì
1549,Cheng Xianfeng,Cina,Sì
1550,Darwin Deason,Stati Uniti,Sì
1551,Ashwin Desai,India,Sì
1552,Richard Desmond,Regno Unito,Sì
1553,Sefik Yilmaz Dizdar,Turchia,Sì
1554,Farhad Ebrahimi,Iran,Sì
1555,Fang Hongbo,Cina,Sì
1556,Zsolt Felcsuti,Ungheria,Sì
1557,Ben Francis,Regno Unito,Sì
1558,Gary Friedman,Stati Uniti,Sì
1559,Balkrishan Goenka,India,Sì
1560,Lawrence Golub,Stati Uniti,Sì
1561,Saroj Rani Gupta,India,Sì
1562,Anthony Hall,Stati Uniti,Sì
1563,Richard Hayne,Stati Uniti,Sì
1564,Michael Heine,Australia,Sì
1565,Orion Hindawi,Stati Uniti,Sì
1566,Huang Guanlin,Cina,Sì
1567,Sam Hupert,Australia,Sì
1568,Mohammed Ibrahim,Sudan,Sì
1569,David Kaplan,Stati Uniti,Sì
1570,Kim Kardashian,Stati Uniti,Sì
1571,Ke Guihua,Cina,Sì
1572,Ke Yunfeng,Cina,Sì
1573,Alexander Klyachin,Russia,Sì
1574,Guy Laliberté,Canada,Sì
1575,Lee Su-jin,Corea del Sud,Sì
1576,Li Guoqing,Cina,Sì
1577,Li Li,Cina,Sì
1578,Li Ruiqiang,Cina,Sì
1579,Zhen Li,Cina,Sì
1580,Guangwei Liang,Cina,Sì
1581,Liu Ming Hui,Cina,Sì
1582,Frederic Luddy,Stati Uniti,Sì
1583,Mao Zhongwu,Cina,Sì
1584,Lorinc Meszaros,Ungheria,Sì
1585,Jeffrey Michael,Stati Uniti,Sì
1586,Alan Miller,Stati Uniti,Sì
1587,Ulrich Mommert,Germania,No
1588,Scott Nuttall,Stati Uniti,Sì
1589,Jonathan Oringer,Stati Uniti,Sì
1590,Vitaly Orlov,Russia,Sì
1591,Jose Isaac Peres,Brasile,Sì
1592,Markus Persson,Svezia,Sì
1593,Mark Pincus,Stati Uniti,Sì
1594,Forrest Preston,Stati Uniti,Sì
1595,Qian Ying,Cina,Sì
1596,Jimmy Rane,Stati Uniti,Sì
1597,Andrei Rappoport,Russia,Sì
1598,Bennett Rosenthal,Stati Uniti,Sì
1599,Thomas Sandell,Svezia,Sì
1600,Gerald Schwartz,Canada,Sì
1601,Antonio Luiz Seabra,Brasile,Sì
1602,Eric Ya Shen,Cina,Sì
1603,Sytse 'Sid' Sijbrandij,Paesi Bassi,Sì
1604,Abhay Soi,India,Sì
1605,Mike Speiser,Stati Uniti,Sì
1606,Michael Steinhardt,Stati Uniti,Sì
1607,Ion Stoica,Romania,Sì
1608,Eddy Sugianto,Indonesia,Sì
1609,Luc Tack,Belgio,Sì
1610,Tony Tan Caktiong,Filippine,Sì
1611,Xiuguo Tang,Cina,Sì
1612,Sam Tarascio,Australia,Sì
1613,Ching Bor Tung,Cina,Sì
1614,Joop van den Ende,Paesi Bassi,Sì
1615,Ruben Vardanyan,Armenia,Sì
1616,Sandro Veronesi,Italia,Sì
1617,Thongma Vijitpongpun,Thailandia,Sì
1618,Thomas von Koch,Svezia,Sì
1619,Wang Fuji,Cina,Sì
1620,Wang Shih-Chung,Taiwan,Sì
1621,Wang Xiaoshen,Cina,Sì
1622,J. Wayne Weaver,Stati Uniti,Sì
1623,Cameron Winklevoss,Stati Uniti,Sì
1624,Tyler Winklevoss,Stati Uniti,Sì
1625,Wu Yonghua,Cina,Sì
1626,Xia Xinde,Cina,Sì
1627,Wenbo Xiang,Cina,Sì
1628,Xu Jin,Cina,Sì
1629,Xu Shijun,Cina,Sì
1630,Wanmao Xu,Cina,Sì
1631,Xu Yuejuan,Cina,Sì
1632,Vadim Yakunin,Russia,Sì
1633,Yang Yunyun,Cina,Sì
1634,Matei Zaharia,Romania,Sì
1635,Zan Shengda,Cina,Sì
1636,Zhang Xuezheng,Cina,Sì
1637,Zhang Yin,Cina,Sì
1638,Ning Zhao,Cina,Sì
1639,Zhou Wen,Cina,Sì
1640,Zhu Xingliang,Cina,Sì
1641,Hari Krishan Agarwal,India,Sì
1642,Farkhad Akhmedov,Russia,No
1643,Joseph Bae,Stati Uniti,Sì
1644,Sara Blakely,Stati Uniti,Sì
1645,Lloyd Blankfein,Stati Uniti,Sì
1646,Henadiy Boholyubov,Ucraina,No
1647,Stephane Bonvin,Svizzera,Sì
1648,Oleg Boyko,Russia,Sì
1649,Ryan Breslow,Stati Uniti,Sì
1650,Marina Budiman,Indonesia,Sì
1651,Cai Hongbin,Cina,Sì
1652,Cao Kejian,Cina,Sì
1653,Chang Jing,Cina,Sì
1654,Chen Baohua,Cina,Sì
1655,Gang Chen,Cina,Sì
1656,Liying Chen,Cina,Sì
1657,Tony Chen,Cina,Sì
1658,Chen Xueling,Cina,Sì
1659,Cheng Lili,Cina,Sì
1660,Cho Jyh-jer,Taiwan,Sì
1661,Weili Dai,Cina,Sì
1662,Deng Yingzhong,Cina,Sì
1663,Shlomo Eliahu,Israele,Sì
1664,Henry Engelhardt,Stati Uniti,Sì
1665,Gabriel Escarrer,Spagna,Sì
1666,Gleb Fetisov,Russia,Sì
1667,Paul Fireman,Stati Uniti,Sì
1668,Bernd Freier,Germania,Sì
1669,Donald Friese,Stati Uniti,Sì
1670,Gan Zhongru,Cina,Sì
1671,David Golub,Stati Uniti,Sì
1672,Pavel Golubkov,Russia,Sì
1673,Cristina Green,Regno Unito,Sì
1674,Philip Green,Regno Unito,No
1675,He Zuxun,Cina,Sì
1676,David Hindawi,Stati Uniti,Sì
1677,Huang Shan,Cina,Sì
1678,Huang Xiaofen,Cina,Sì
1679,Chatchai Kaewbootta,Thailandia,Sì
1680,Nikhil Kamath,India,Sì
1681,Fumio Kaneko,Giappone,Sì
1682,Ali Metin Kazanci,Turchia,Sì
1683,Kangbao Ke,Cina,Sì
1684,Carsten Koerl,Germania,Sì
1685,Andrei Kosogov,Russia,Sì
1686,Yogesh Kothari,India,Sì
1687,Manuel Lao Hernández,Spagna,Sì
1688,Lee Joong-keun,Corea del Sud,Sì
1689,Lin Zhijun,Cina,Sì
1690,Lin Zhixiong,Cina,Sì
1691,Lu Rongfu,Cina,Sì
1692,Lyu Yixiong,Cina,Sì
1693,Soichiro Minami,Giappone,Sì
1694,Dmitry Nikolaev,Russia,Sì
1695,Adrian Paval,Romania,Sì
1696,Antonio Percassi,Italia,Sì
1697,Kevin Plank,Stati Uniti,Sì
1698,Pu Zhongjie,Cina,Sì
1699,Rao Wei,Cina,Sì
1700,Matthew Roszak,Stati Uniti,Sì
1701,Paul Sciarra,Stati Uniti,Sì
1702,Dean Solon,Stati Uniti,Sì
1703,Michael Spencer,Regno Unito,Sì
1704,Joseph Steinberg,Stati Uniti,No
1705,Manny Stul,Australia,Sì
1706,Sun Hongjun,Cina,Sì
1707,Sun Weijie,Cina,Sì
1708,Sehat Sutardja,Indonesia,Sì
1709,Min-Liang Tan,Singapore,Sì
1710,Tan Yu Yeh,Taiwan,Sì
1711,Tang Aoqi,Cina,Sì
1712,Tsao Ter-fung,Taiwan,Sì
1713,Tung Ching Sai,Hong Kong,Sì
1714,Arkady Volozh,Russia,Sì
1715,Wan Long,Cina,Sì
1716,Lars Wingefors,Svezia,Sì
1717,Allan Wong,Hong Kong,Sì
1718,Tiger Woods,Stati Uniti,Sì
1719,Horst Wortmann,Germania,No
1720,Wu Kaiting,Cina,Sì
1721,Wu Li-gann,Cina,Sì
1722,Wu Xiangdong,Cina,Sì
1723,Xiu Laigui,Cina,Sì
1724,Xu Jiangnan,Cina,Sì
1725,Xue Jiping,Cina,Sì
1726,Yao Hsiao Tung,Taiwan,Sì
1727,Ye Qiongjiu,Cina,Sì
1728,Yanqiao Ye,Cina,Sì
1729,Yeh Kuo-I,Taiwan,Sì
1730,Yu Faxiang,Cina,Sì
1731,Kapeng Zhang,Cina,Sì
1732,Zhang Xuansong,Cina,Sì
1733,Zhang Xuewu,Cina,Sì
1734,Zhu Yiming,Cina,Sì
1735,Zhu Zhaojiang,Cina,Sì
1736,Christian Angermayer,Germania,Sì
1737,Ryuji Arai,Giappone,Sì
1738,Jimmy Buffett,Stati Uniti,Sì
1739,Edouard Carmignac,Francia,Sì
1740,Chen Jiancheng,Cina,Sì
1741,Rui Chen,Cina,Sì
1742,Chen Shiliang,Cina,Sì
1743,Tianqiao Chen,Cina,Sì
1744,Yuantai Chen,Cina,Sì
1745,Cheng Antares,Cina,Sì
1746,Kochouseph Chittilappilly,India,Sì
1747,John Christodoulou,Cipro,Sì
1748,Pollyanna Chu,Hong Kong,Sì
1749,Turgay Ciner,Turchia,Sì
1750,Benoit Dageville,Francia,Sì
1751,Mark Dixon,Regno Unito,Sì
1752,Du Yulin,Cina,Sì
1753,Feng Yuxia,Cina,Sì
1754,Gao Yunfeng,Cina,Sì
1755,Jianming Geng,Cina,Sì
1756,Sven Hagströmer,Svezia,Sì
1757,Hang Hong,Cina,Sì
1758,He Yamin,Cina,Sì
1759,Hong Feng,Cina,Sì
1760,Hu Gengxi,Cina,Sì
1761,Danilo Iervolino,Italia,Sì
1762,Hedda im Brahm-Droege,Germania,Sì
1763,Inder Jaisinghani,India,Sì
1764,LeBron James,Stati Uniti,Sì
1765,Morris Kahn,Israele,Sì
1766,Ashok Kajaria,India,Sì
1767,Marcelo Kalim,Brasile,Sì
1768,Ken Kendrick,Stati Uniti,Sì
1769,Brad Keywell,Stati Uniti,Sì
1770,Muhammed Aziz Khan,Bangladesh,Sì
1771,Kim Jung-woong,Corea del Sud,Sì
1772,Ihor Kolomoyskyy,Ucraina,No
1773,Kong Jian Min,Cina,Sì
1774,Michael Kum,Singapore,Sì
1775,Richard Kurtz,Stati Uniti,Sì
1776,Lev Kvetnoi,Russia,Sì
1777,Michiel Le Roux,Sudafrica,Sì
1778,Li Wanqiang,Cina,Sì
1779,Liu Baolin,Cina,Sì
1780,Loo Choon Yong,Singapore,Sì
1781,Lu Yonghua,Cina,Sì
1782,Ma Xiuhui,Cina,Sì
1783,Apoorva Mehta,India,Sì
1784,Andrei Molchanov,Russia,Sì
1785,Fulvio Montipò,Italia,Sì
1786,Tyler Perry,Stati Uniti,Sì
1787,Réal Plourde,Canada,Sì
1788,George Sakellaris,Grecia,Sì
1789,Eddy Kusnadi Sariaatmadja,Indonesia,Sì
1790,Neerja Sethi,India,Sì
1791,Scott Smith,Stati Uniti,Sì
1792,Petter Stordalen,Norvegia,Sì
1793,Ivan Streshinsky,Russia,Sì
1794,Sergei Sudarikov,Russia,Sì
1795,David Tran,Vietnam,Sì
1796,Kenzo Tsujimoto,Giappone,Sì
1797,Murat Vargi,Turchia,Sì
1798,Shigefumi Wada,Giappone,Sì
1799,Wan Feng,Cina,Sì
1800,Wang Jianfeng,Cina,Sì
1801,Masaru Wasami,Giappone,Sì
1802,V. Prem Watsa,India,Sì
1803,Wen Pengcheng,Cina,Sì
1804,Toto Wolff,Austria,Sì
1805,Xie Bingzheng,Cina,Sì
1806,Xu Gang,Cina,Sì
1807,Yan Junxu,Cina,Sì
1808,Yi Xianzhong,Cina,Sì
1809,Yu Rong,Cina,Sì
1810,Zhang Gongyun,Cina,Sì
1811,Zhang Guiping,Cina,Sì
